0.100,0.117,0.134,0.151,0.168
0.200,0.217,0.234,0.251,0.268
0.300,0.317,0.334,0.351,0.368
0.400,0.417,0.434,0.451,0.468
0.500,0.517,0.534,0.551,0.568
0.600,0.617,0.634,0.651,0.668
0.700,0.717,0.734,0.751,0.768
0.800,0.817,0.834,0.851,0.868
0.900,0.917,0.934,0.951,0.968
1.000,1.017,1.034,1.051,1.068
1.100,1.117,1.134,1.151,1.168
1.200,1.217,1.234,1.251,1.268
1.300,1.317,1.334,1.351,1.368
1.400,1.417,1.434,1.451,1.468
1.500,1.517,1.534,1.551,1.568
1.600,1.617,1.634,1.651,1.668
1.700,1.717,1.734,1.751,1.768
1.800,1.817,1.834,1.851,1.868
1.900,1.917,1.934,1.951,1.968
2.000,2.017,2.034,2.051,2.068
2.100,2.117,2.134,2.151,2.168
2.200,2.217,2.234,2.251,2.268
2.300,2.317,2.334,2.351,2.368
2.400,2.417,2.434,2.451,2.468
2.500,2.517,2.534,2.551,2.568
2.600,2.617,2.634,2.651,2.668
2.700,2.717,2.734,2.751,2.768
2.800,2.817,2.834,2.851,2.868
2.900,2.917,2.934,2.951,2.968
3.000,3.017,3.034,3.051,3.068
3.100,3.117,3.134,3.151,3.168
3.200,3.217,3.234,3.251,3.268
3.300,3.317,3.334,3.351,3.368
3.400,3.417,3.434,3.451,3.468
3.500,3.517,3.534,3.551,3.568
3.600,3.617,3.634,3.651,3.668
3.700,3.717,3.734,3.751,3.768
3.800,3.817,3.834,3.851,3.868
3.900,3.917,3.934,3.951,3.968
4.000,4.017,4.034,4.051,4.068
4.100,4.117,4.134,4.151,4.168
4.200,4.217,4.234,4.251,4.268
4.300,4.317,4.334,4.351,4.368
4.400,4.417,4.434,4.451,4.468
4.500,4.517,4.534,4.551,4.568
4.600,4.617,4.634,4.651,4.668
4.700,4.717,4.734,4.751,4.768
4.800,4.817,4.834,4.851,4.868
4.900,4.917,4.934,4.951,4.968
5.000,5.017,5.034,5.051,5.068
5.100,5.117,5.134,5.151,5.168
5.200,5.217,5.234,5.251,5.268
5.300,5.317,5.334,5.351,5.368
5.400,5.417,5.434,5.451,5.468
5.500,5.517,5.534,5.551,5.568
5.600,5.617,5.634,5.651,5.668
5.700,5.717,5.734,5.751,5.768
5.800,5.817,5.834,5.851,5.868
5.900,5.917,5.934,5.951,5.968
6.000,6.017,6.034,6.051,6.068
6.100,6.117,6.134,6.151,6.168
6.200,6.217,6.234,6.251,6.268
6.300,6.317,6.334,6.351,6.368
6.400,6.417,6.434,6.451,6.468
6.500,6.517,6.534,6.551,6.568
6.600,6.617,6.634,6.651,6.668
6.700,6.717,6.734,6.751,6.768
6.800,6.817,6.834,6.851,6.868
6.900,6.917,6.934,6.951,6.968
7.000,7.017,7.034,7.051,7.068
7.100,7.117,7.134,7.151,7.168
7.200,7.217,7.234,7.251,7.268
7.300,7.317,7.334,7.351,7.368
7.400,7.417,7.434,7.451,7.468
7.500,7.517,7.534,7.551,7.568
7.600,7.617,7.634,7.651,7.668
7.700,7.717,7.734,7.751,7.768
7.800,7.817,7.834,7.851,7.868
7.900,7.917,7.934,7.951,7.968
8.000,8.017,8.034,8.051,8.068
8.100,8.117,8.134,8.151,8.168
8.200,8.217,8.234,8.251,8.268
8.300,8.317,8.334,8.351,8.368
8.400,8.417,8.434,8.451,8.468
8.500,8.517,8.534,8.551,8.568
8.600,8.617,8.634,8.651,8.668
8.700,8.717,8.734,8.751,8.768
8.800,8.817,8.834,8.851,8.868
8.900,8.917,8.934,8.951,8.968
9.000,9.017,9.034,9.051,9.068
9.100,9.117,9.134,9.151,9.168
9.200,9.217,9.234,9.251,9.268
9.300,9.317,9.334,9.351,9.368
9.400,9.417,9.434,9.451,9.468
9.500,9.517,9.534,9.551,9.568
9.600,9.617,9.634,9.651,9.668
9.700,9.717,9.734,9.751,9.768
9.800,9.817,9.834,9.851,9.868
9.900,9.917,9.934,9.951,9.968
10.000,10.017,10.034,10.051,10.068
10.100,10.117,10.134,10.151,10.168
10.200,10.217,10.234,10.251,10.268
10.300,10.317,10.334,10.351,10.368
10.400,10.417,10.434,10.451,10.468
10.500,10.517,10.534,10.551,10.568
10.600,10.617,10.634,10.651,10.668
10.700,10.717,10.734,10.751,10.768
10.800,10.817,10.834,10.851,10.868
10.900,10.917,10.934,10.951,10.968
11.000,11.017,11.034,11.051,11.068
11.100,11.117,11.134,11.151,11.168
11.200,11.217,11.234,11.251,11.268
11.300,11.317,11.334,11.351,11.368
11.400,11.417,11.434,11.451,11.468
11.500,11.517,11.534,11.551,11.568
11.600,11.617,11.634,11.651,11.668
11.700,11.717,11.734,11.751,11.768
11.800,11.817,11.834,11.851,11.868
11.900,11.917,11.934,11.951,11.968
12.000,12.017,12.034,12.051,12.068
12.100,12.117,12.134,12.151,12.168
12.200,12.217,12.234,12.251,12.268
12.300,12.317,12.334,12.351,12.368
12.400,12.417,12.434,12.451,12.468
12.500,12.517,12.534,12.551,12.568
12.600,12.617,12.634,12.651,12.668
12.700,12.717,12.734,12.751,12.768
12.800,12.817,12.834,12.851,12.868
12.900,12.917,12.934,12.951,12.968
13.000,13.017,13.034,13.051,13.068
13.100,13.117,13.134,13.151,13.168
13.200,13.217,13.234,13.251,13.268
13.300,13.317,13.334,13.351,13.368
13.400,13.417,13.434,13.451,13.468
13.500,13.517,13.534,13.551,13.568
13.600,13.617,13.634,13.651,13.668
13.700,13.717,13.734,13.751,13.768
13.800,13.817,13.834,13.851,13.868
13.900,13.917,13.934,13.951,13.968
14.000,14.017,14.034,14.051,14.068
14.100,14.117,14.134,14.151,14.168
14.200,14.217,14.234,14.251,14.268
14.300,14.317,14.334,14.351,14.368
14.400,14.417,14.434,14.451,14.468
14.500,14.517,14.534,14.551,14.568
14.600,14.617,14.634,14.651,14.668
14.700,14.717,14.734,14.751,14.768
14.800,14.817,14.834,14.851,14.868
14.900,14.917,14.934,14.951,14.968
15.000,15.017,15.034,15.051,15.068
15.100,15.117,15.134,15.151,15.168
15.200,15.217,15.234,15.251,15.268
15.300,15.317,15.334,15.351,15.368
15.400,15.417,15.434,15.451,15.468
15.500,15.517,15.534,15.551,15.568
15.600,15.617,15.634,15.651,15.668
15.700,15.717,15.734,15.751,15.768
15.800,15.817,15.834,15.851,15.868
15.900,15.917,15.934,15.951,15.968
16.000,16.017,16.034,16.051,16.068
16.100,16.117,16.134,16.151,16.168
16.200,16.217,16.234,16.251,16.268
16.300,16.317,16.334,16.351,16.368
16.400,16.417,16.434,16.451,16.468
16.500,16.517,16.534,16.551,16.568
16.600,16.617,16.634,16.651,16.668
16.700,16.717,16.734,16.751,16.768
16.800,16.817,16.834,16.851,16.868
16.900,16.917,16.934,16.951,16.968
17.000,17.017,17.034,17.051,17.068
17.100,17.117,17.134,17.151,17.168
17.200,17.217,17.234,17.251,17.268
17.300,17.317,17.334,17.351,17.368
17.400,17.417,17.434,17.451,17.468
17.500,17.517,17.534,17.551,17.568
17.600,17.617,17.634,17.651,17.668
17.700,17.717,17.734,17.751,17.768
17.800,17.817,17.834,17.851,17.868
17.900,17.917,17.934,17.951,17.968
18.000,18.017,18.034,18.051,18.068
18.100,18.117,18.134,18.151,18.168
18.200,18.217,18.234,18.251,18.268
18.300,18.317,18.334,18.351,18.368
18.400,18.417,18.434,18.451,18.468
18.500,18.517,18.534,18.551,18.568
18.600,18.617,18.634,18.651,18.668
18.700,18.717,18.734,18.751,18.768
18.800,18.817,18.834,18.851,18.868
18.900,18.917,18.934,18.951,18.968
19.000,19.017,19.034,19.051,19.068
19.100,19.117,19.134,19.151,19.168
19.200,19.217,19.234,19.251,19.268
19.300,19.317,19.334,19.351,19.368
19.400,19.417,19.434,19.451,19.468
19.500,19.517,19.534,19.551,19.568
19.600,19.617,19.634,19.651,19.668
19.700,19.717,19.734,19.751,19.768
19.800,19.817,19.834,19.851,19.868
19.900,19.917,19.934,19.951,19.968
20.000,20.017,20.034,20.051,20.068
20.100,20.117,20.134,20.151,20.168
20.200,20.217,20.234,20.251,20.268
20.300,20.317,20.334,20.351,20.368
20.400,20.417,20.434,20.451,20.468
20.500,20.517,20.534,20.551,20.568
20.600,20.617,20.634,20.651,20.668
20.700,20.717,20.734,20.751,20.768
20.800,20.817,20.834,20.851,20.868
20.900,20.917,20.934,20.951,20.968
21.000,21.017,21.034,21.051,21.068
21.100,21.117,21.134,21.151,21.168
21.200,21.217,21.234,21.251,21.268
21.300,21.317,21.334,21.351,21.368
21.400,21.417,21.434,21.451,21.468
21.500,21.517,21.534,21.551,21.568
21.600,21.617,21.634,21.651,21.668
21.700,21.717,21.734,21.751,21.768
21.800,21.817,21.834,21.851,21.868
21.900,21.917,21.934,21.951,21.968
22.000,22.017,22.034,22.051,22.068
22.100,22.117,22.134,22.151,22.168
22.200,22.217,22.234,22.251,22.268
22.300,22.317,22.334,22.351,22.368
22.400,22.417,22.434,22.451,22.468
22.500,22.517,22.534,22.551,22.568
22.600,22.617,22.634,22.651,22.668
22.700,22.717,22.734,22.751,22.768
22.800,22.817,22.834,22.851,22.868
22.900,22.917,22.934,22.951,22.968
23.000,23.017,23.034,23.051,23.068
23.100,23.117,23.134,23.151,23.168
23.200,23.217,23.234,23.251,23.268
23.300,23.317,23.334,23.351,23.368
23.400,23.417,23.434,23.451,23.468
23.500,23.517,23.534,23.551,23.568
23.600,23.617,23.634,23.651,23.668
23.700,23.717,23.734,23.751,23.768
23.800,23.817,23.834,23.851,23.868
23.900,23.917,23.934,23.951,23.968
24.000,24.017,24.034,24.051,24.068
24.100,24.117,24.134,24.151,24.168
24.200,24.217,24.234,24.251,24.268
24.300,24.317,24.334,24.351,24.368
24.400,24.417,24.434,24.451,24.468
24.500,24.517,24.534,24.551,24.568
24.600,24.617,24.634,24.651,24.668
24.700,24.717,24.734,24.751,24.768
24.800,24.817,24.834,24.851,24.868
24.900,24.917,24.934,24.951,24.968
25.000,25.017,25.034,25.051,25.068
25.100,25.117,25.134,25.151,25.168
25.200,25.217,25.234,25.251,25.268
25.300,25.317,25.334,25.351,25.368
25.400,25.417,25.434,25.451,25.468
25.500,25.517,25.534,25.551,25.568
25.600,25.617,25.634,25.651,25.668
25.700,25.717,25.734,25.751,25.768
25.800,25.817,25.834,25.851,25.868
25.900,25.917,25.934,25.951,25.968
26.000,26.017,26.034,26.051,26.068
26.100,26.117,26.134,26.151,26.168
26.200,26.217,26.234,26.251,26.268
26.300,26.317,26.334,26.351,26.368
26.400,26.417,26.434,26.451,26.468
26.500,26.517,26.534,26.551,26.568
26.600,26.617,26.634,26.651,26.668
26.700,26.717,26.734,26.751,26.768
26.800,26.817,26.834,26.851,26.868
26.900,26.917,26.934,26.951,26.968
27.000,27.017,27.034,27.051,27.068
27.100,27.117,27.134,27.151,27.168
27.200,27.217,27.234,27.251,27.268
27.300,27.317,27.334,27.351,27.368
27.400,27.417,27.434,27.451,27.468
27.500,27.517,27.534,27.551,27.568
27.600,27.617,27.634,27.651,27.668
27.700,27.717,27.734,27.751,27.768
27.800,27.817,27.834,27.851,27.868
27.900,27.917,27.934,27.951,27.968
28.000,28.017,28.034,28.051,28.068
28.100,28.117,28.134,28.151,28.168
28.200,28.217,28.234,28.251,28.268
28.300,28.317,28.334,28.351,28.368
28.400,28.417,28.434,28.451,28.468
28.500,28.517,28.534,28.551,28.568
28.600,28.617,28.634,28.651,28.668
28.700,28.717,28.734,28.751,28.768
28.800,28.817,28.834,28.851,28.868
28.900,28.917,28.934,28.951,28.968
29.000,29.017,29.034,29.051,29.068
29.100,29.117,29.134,29.151,29.168
29.200,29.217,29.234,29.251,29.268
29.300,29.317,29.334,29.351,29.368
29.400,29.417,29.434,29.451,29.468
29.500,29.517,29.534,29.551,29.568
29.600,29.617,29.634,29.651,29.668
29.700,29.717,29.734,29.751,29.768
29.800,29.817,29.834,29.851,29.868
29.900,29.917,29.934,29.951,29.968
30.000,30.017,30.034,30.051,30.068
