1.06979,-1.46748,-0.837887
1.99888,0.0328395,0.0584413
1.75131,0.031832,-0.965356
-1.31583,1.38498,0.591968
1.33657,-0.346847,1.44681
1.15984,-1.21215,-1.0888
1.29799,-1.47204,0.385151
-0.594125,1.75502,0.752946
0.246252,0.930798,1.75299
-0.902702,-0.7017,-1.64096
1.78587,-0.492796,-0.753549
-0.950281,1.05502,-1.40851
-1.23849,-0.284897,-1.54434
0.708725,1.67781,0.826231
-1.14769,1.4839,-0.693424
0.719721,1.24356,-1.39125
-0.0519862,0.645267,-1.89233
-0.617973,-1.83708,0.493214
1.15616,-1.40378,-0.832287
-0.0716522,1.97289,0.320284
-0.154426,0.319238,-1.96831
0.581758,-1.47765,1.21578
0.25908,1.92078,-0.493444
-1.39632,0.458433,1.35652
1.02978,1.64111,-0.496308
1.25781,0.858869,-1.29625
1.98555,-0.0372609,0.237057
1.19723,-1.58878,-0.205986
1.26463,-0.0811558,-1.5473
1.58267,-0.779872,-0.941776
-0.972444,1.69937,-0.408037
-0.528161,-1.67454,-0.957582
-1.01363,1.70403,0.262384
-1.19676,-1.28602,0.955999
0.811011,1.80582,-0.285105
1.2589,-1.54429,-0.174215
0.250361,1.49111,1.30917
0.484224,0.442841,1.88929
-1.87313,-0.0457933,0.699503
1.60486,1.04924,-0.568798
-1.55636,0.795524,-0.972047
1.86075,-0.684304,0.263297
-1.45535,-1.11205,-0.803314
-1.31957,-0.858095,1.23386
0.362482,1.42374,1.35705
1.17002,0.104021,-1.61872
-0.184323,-1.49003,1.3213
-1.73511,-0.0815136,-0.991339
-0.634179,-1.60105,1.01709
0.252303,-1.5986,-1.17509
1.14619,1.26739,1.03921
-0.453458,1.36651,1.38818
-0.602377,-1.24838,-1.44177
1.04987,0.919603,-1.43252
1.237,0.689388,1.41229
1.53908,-1.25667,0.22808
0.359457,-0.77773,-1.80719
1.44841,-1.35933,0.233092
1.30123,1.47357,-0.367946
1.92221,0.263367,0.485536
-1.6968,0.0147585,1.05862
1.8106,-0.848982,-0.030818
-1.25778,1.54289,-0.193592
1.20089,-1.57781,-0.261489
-0.782723,0.117411,-1.83673
0.764361,-0.575828,1.75618
-1.2011,-0.241584,-1.58082
-0.279784,0.0291436,1.98012
-0.627936,-1.83482,0.489004
0.202371,-1.87146,0.675794
1.04459,-1.64647,0.444944
0.728429,-1.2753,1.35757
-0.822922,-1.75629,-0.488089
0.974113,1.42343,-1.0124
-0.924946,-0.110516,-1.76982
-1.80934,0.757822,0.389875
1.54472,1.24898,0.232111
1.86141,0.686105,-0.253819
1.87763,-0.652104,-0.221985
-0.0927508,1.97833,0.278587
0.80572,-1.79927,-0.336834
1.50243,-0.173738,1.30864
1.76456,-0.761783,-0.553202
0.309657,1.85517,-0.680037
-1.84227,0.70931,0.320834
0.0686525,-0.599159,-1.90691
-0.940097,0.322761,1.73552
-0.874458,-1.73215,-0.484748
0.32859,-1.42501,1.36432
-1.40322,-1.32583,0.522647
0.0127696,1.94059,0.483679
-0.0888094,-1.36612,1.45802
0.535886,1.87491,-0.444458
0.0432604,-1.36715,-1.45912
0.024995,1.38971,-1.43808
-1.02698,1.40826,0.980873
-0.515459,0.0228549,-1.9323
1.34665,-0.612825,-1.34573
0.30636,1.90616,0.522207
0.653746,-1.481,-1.17441
0.681854,1.36494,-1.29307
0.292016,-0.350234,1.94732
0.859475,-1.4269,1.10692
0.742609,-1.82863,0.323476
0.825739,-1.52632,-0.994238
-1.96373,-0.20137,-0.32125
-0.305647,-0.751968,1.82787
-0.531249,1.67884,-0.948293
0.10024,-1.13842,-1.64132
1.71775,-0.0406628,-1.02357
-1.85381,-0.0560214,-0.748499
0.536624,1.75816,0.787984
1.17869,1.55065,-0.454067
-0.531427,1.84017,-0.575646
0.779482,-1.61477,-0.885967
1.03494,-0.627621,1.59216
0.859772,-0.684154,-1.67115
-0.0115998,1.81045,0.849794
1.20103,-1.59516,0.113982
0.471017,1.87013,0.529849
1.30701,-1.50021,-0.202708
1.68241,0.276222,1.04557
1.56503,-0.488812,-1.14532
0.183365,1.98657,-0.141089
-1.98525,0.2422,0.0113861
0.552502,0.22731,-1.90868
-1.50731,-0.0549422,1.31339
-0.0886032,-0.950814,1.7573
-1.75485,-0.014734,-0.95931
0.244343,1.45128,-1.35429
-0.233936,1.83595,0.758002
-1.77968,0.42423,0.807933
0.048601,1.99706,-0.0968629
-0.512487,1.50675,-1.21123
0.254053,0.701654,-1.85557
-0.375296,-0.097673,1.96204
-1.54402,1.14128,0.559899
0.39117,0.950073,1.71591
0.591232,1.89006,0.279504
0.329479,-1.86891,-0.631352
-0.0873821,-1.63355,1.1506
1.85667,0.737838,-0.0914836
1.42152,1.02645,0.962123
1.67786,0.17405,-1.07447
-1.42967,1.26045,-0.606048
-0.546563,0.66872,1.80391
-0.186274,-1.95992,0.352156
-0.923125,0.235214,-1.75855
1.10134,0.0656091,1.66816
-1.14586,-0.0275555,1.63898
-0.731935,-1.55204,1.02735
-0.793675,-1.48459,-1.07985
0.953459,1.74257,-0.23314
0.953194,-1.49395,0.927118
1.0008,-1.5773,-0.714505
-1.87978,0.636717,-0.247005
-0.313238,0.687184,1.85193
1.78466,-0.902256,0.0305155
-0.125631,-1.07915,-1.67918
-0.127488,-1.9885,0.172128
1.75932,0.0743372,-0.948291
-0.251556,1.88335,-0.624277
-1.84108,-0.470427,0.62379
-0.703254,-1.36466,-1.28185
1.95153,-0.26604,0.347516
-0.698962,1.42867,1.21259
1.35401,-0.202699,-1.45794
-0.0519898,0.907623,-1.78144
-0.973123,-1.73038,0.2425
-1.0306,-0.510214,-1.63632
0.87286,-1.77549,0.292814
-0.664163,1.0137,-1.59101
1.28959,-0.226985,1.51176
1.07178,-1.66162,0.300482
-0.107469,-1.90286,0.60628
-1.51971,1.11064,0.675981
0.408561,0.379681,1.92066
0.721229,-1.74307,-0.664475
0.319843,-0.579687,-1.88724
1.45063,-0.939778,-1.00622
-1.96041,-0.322238,-0.230144
-0.392322,0.698856,1.8324
0.647367,1.39175,-1.28217
1.19859,1.55868,-0.36592
-1.92422,-0.135539,-0.528226
-0.604407,0.0945661,-1.90414
-0.827419,1.09032,1.45828
0.388362,0.792519,1.79474
-0.950105,1.75065,-0.18034
-1.4277,1.40028,-0.0300089
-0.708934,0.664387,-1.74814
0.822599,0.549783,1.73812
-1.8353,0.174945,0.775281
-0.697844,0.995871,1.58785
1.14175,1.27527,-1.03445
1.00098,0.487508,-1.66144
-1.14025,-1.07621,-1.24162
-1.0484,1.50806,-0.791585
-1.84092,0.211512,-0.752523
0.701639,-1.40338,1.24025
0.810012,1.76455,-0.479848
1.57008,1.22945,0.152695
-0.660196,0.0895012,-1.88577
0.409861,-0.468592,1.90064
1.96483,0.00594483,-0.373376
0.742845,1.22378,-1.39662
-1.25969,-0.17355,1.54372
0.240461,0.539154,1.91089
0.880712,0.403726,-1.74967
0.382297,1.73563,-0.9173
0.471695,-0.278892,1.92347
-0.500407,0.936285,-1.69498
-1.17287,0.539486,1.52752
-1.22546,1.54765,0.320955
-0.880024,-1.73534,-0.462774
0.663323,1.85882,-0.323731
-0.415417,1.85677,-0.616293
-0.080169,-0.341745,1.96895
-0.653534,1.04939,1.57215
1.11105,0.195683,-1.65145
1.90797,0.356569,0.482189
0.636629,-1.18507,1.47997
1.99516,-0.028854,0.136011
-0.663647,0.929496,1.64183
1.64232,-0.214393,1.12109
1.9269,0.521507,0.122893
0.283769,0.993536,-1.71241
-0.995517,-1.67573,0.448172
0.977105,1.35429,1.10053
0.861411,-0.610875,1.69847
-0.936024,0.462791,1.70578
-1.48154,0.360149,-1.29435
1.97058,0.241717,-0.241637
-0.363477,-1.39611,-1.38519
-1.25778,-1.29573,-0.859706
-0.304929,0.817507,-1.79964
1.95147,-0.118246,-0.421624
-0.881619,-1.78705,0.170835
1.73288,0.624488,-0.779184
0.0710669,1.79103,0.88723
-1.5207,-0.764298,1.05039
1.29266,0.175811,-1.51595
-1.83927,-0.363869,-0.696199
0.969474,1.27098,-1.20197
-1.55891,-0.750383,1.00336
1.32568,0.636219,-1.35566
-1.30833,0.000601963,1.51271
-0.0501818,0.0403469,1.99896
0.61432,-1.83004,0.523039
-1.23487,-0.0700682,1.57168
-0.438587,-0.157037,-1.94499
0.88587,1.78076,-0.210047
1.6693,0.822677,0.732552
-1.84502,0.131501,0.760662
-1.13497,1.21434,1.1123
-1.76499,-0.681185,0.64868
0.665472,1.0498,1.56687
1.68241,-0.17999,1.06635
-1.86104,-0.725072,-0.103944
-0.544136,1.91684,-0.172135
-0.825469,-1.81653,0.137141
0.0506897,-1.94456,0.464863
-1.142,1.60192,-0.36011
1.36065,1.26044,-0.748272
1.44671,-0.93673,-1.01467
-1.39829,1.42601,-0.106142
1.81773,0.653421,-0.518564
-0.568078,-1.4732,1.22759
-0.310045,-0.524677,-1.90488
-1.85183,0.408945,0.635197
-1.38786,-0.975921,-1.05897
-0.208312,-1.98086,0.181155
1.01923,-1.36194,1.05181
-1.74975,-0.156276,-0.956
-1.92066,-0.097063,-0.549217
0.205366,-1.9576,0.354457
-0.620976,-0.780841,-1.7334
-0.0472928,-1.90564,0.605234
-0.0749791,1.99779,0.0566842
0.033088,1.04294,1.70622
1.25854,-0.391864,1.50417
0.253659,-1.47715,-1.32426
1.96812,-0.0897417,0.344188
-0.698695,-0.331302,-1.84447
0.522704,0.0277653,1.93029
1.08959,-1.21861,1.1523
-0.691378,-1.42104,-1.22582
1.24426,-0.542587,-1.46882
1.61386,0.747589,-0.914636
-1.81235,0.727441,-0.431532
0.72134,1.84931,-0.244385
-0.270828,-1.10542,-1.6446
0.397088,-1.82124,-0.724857
1.08201,1.4498,0.852843
0.307889,0.112836,1.97293
-0.148888,-0.794212,1.8295
0.685606,-0.386384,-1.83865
-1.28661,-1.53085,-0.0336003
-0.645484,1.68661,-0.859474
-1.74225,-0.960303,-0.205904
-1.386,-0.371448,-1.39321
-1.53883,1.261,-0.204618
0.558438,-1.45079,1.25831
1.29503,0.683396,-1.3623
-0.412855,1.67622,1.00987
0.613088,1.90357,0.0235631
1.25881,1.08909,-1.10873
1.72821,0.987958,0.192923
-1.76191,0.925055,0.199825
0.797778,0.71251,1.68994
0.316929,1.93683,-0.38504
0.162436,-0.318126,-1.96784
-0.860017,0.915609,1.55629
-0.665946,-0.109235,-1.88271
-0.228306,0.722754,-1.85081
0.855563,-1.33337,1.22071
-1.67066,-1.02335,-0.402057
-0.326381,-0.864134,-1.77391
-1.34122,1.48214,-0.0662095
0.241115,-0.51691,1.91694
1.79433,-0.647317,-0.601141
-1.17441,-1.58504,-0.329232
-1.05934,1.0472,1.3346
-1.37743,-0.112013,-1.44573
-0.246378,-0.833309,-1.80136
1.35477,1.27684,-0.730946
0.9657,-1.36437,1.09814
-1.46818,0.716292,-1.15385
-1.98457,0.154146,-0.194268
1.23938,-1.35431,0.793596
-1.26411,-1.1314,1.05922
-0.60429,-1.8915,0.23886
-1.11317,-0.672478,1.51941
0.649976,0.499821,1.8242
-1.09767,-0.563821,-1.57392
-0.417186,-1.80831,0.74564
-1.60967,-0.497706,1.07761
1.50178,0.978987,0.886697
-1.24228,-1.41629,0.671459
-1.71484,0.174651,1.0143
-0.692238,-0.540502,1.79685
0.695844,1.6953,-0.801093
-0.259568,0.566092,-1.90057
-1.5921,0.992859,-0.692431
-1.18352,0.302112,-1.58367
-1.76701,0.927646,0.130924
1.48211,-1.2874,0.382038
1.83024,-0.11105,0.79868
-1.68333,1.07159,0.134523
-0.823299,-0.4986,1.75316
-1.26417,0.0551624,1.54881
1.9524,0.0671869,0.42851
-0.815294,1.8204,0.146449
0.0888589,-1.53235,-1.28219
0.287757,0.832634,-1.79553
-1.19777,-0.504274,1.52022
0.659407,-1.55006,-1.0782
1.82421,0.10826,0.812727
0.306784,-0.939375,-1.73881
1.782,-0.776035,0.471441
1.37008,1.37919,0.469811
0.675531,-0.263618,-1.86391
-1.16911,1.40697,-0.808473
0.478163,1.20146,-1.52573
-0.495193,0.0473738,-1.93715
1.6238,0.281149,1.13324
1.87943,0.519691,0.444581
0.726744,0.408551,1.81795
0.614724,-1.57679,-1.06577
-0.0658556,-1.04146,-1.70617
1.74965,-0.732463,-0.634212
0.394557,-1.92979,0.346734
0.111209,1.67736,-1.08356
1.46185,-0.630977,-1.21032
-0.409623,-1.00371,1.68071
0.962762,-0.0431667,1.75249
0.112908,0.447538,1.94601
-0.245881,1.94492,0.396026
1.05321,-1.6759,0.286507
0.0104634,0.793109,1.83599
-0.898319,1.77966,-0.160689
-1.09686,-1.01066,1.33247
1.6109,-0.0661836,1.18348
-1.28542,0.117363,1.52772
1.34056,-0.303804,-1.45279
1.54197,-0.738281,-1.03791
0.873679,-1.05878,1.45454
-0.200993,-1.31075,-1.49718
-1.61046,0.18768,1.17099
1.80331,-0.217659,0.837084
1.27004,1.5232,0.258621
0.87997,1.56433,-0.882343
1.87552,-0.691628,-0.0639229
-0.589269,1.87257,-0.382429
-1.7681,0.926916,-0.121006
1.02331,-0.792551,-1.52469
1.82823,0.757474,-0.289491
-1.52005,1.27264,0.264247
-0.481911,-0.976085,1.6778
0.265884,-1.93465,0.431762
-0.388929,-0.836233,1.77467
1.99403,-0.15378,0.0141989
-0.84538,1.74359,0.495217
-0.1302,1.90228,0.603652
1.91694,-0.0877617,0.563581
1.66737,1.03603,0.382787
0.916188,-1.64511,-0.673941
1.7145,0.401658,0.94824
0.835949,1.01329,1.50812
0.966869,-1.2941,1.17918
1.92547,0.536318,-0.070109
-0.438682,-1.85672,-0.600119
0.0492055,1.88696,-0.661035
1.95688,-0.265952,0.316065
-1.69124,1.06744,0.0165303
1.17292,-1.61996,0.00290594
0.549846,-1.17882,1.51923
1.58999,-0.290749,-1.17787
1.76417,-0.52055,0.785329
1.3306,-0.735617,-1.29937
-1.87234,0.566079,0.417024
-0.183305,-1.52924,-1.27587
1.90788,0.421055,0.427433
-0.958794,-1.26918,1.21239
-1.10595,1.65155,-0.221924
1.3432,-1.15542,-0.927797
-1.62461,0.207191,1.14791
1.79264,0.885065,-0.0556331
0.234972,-0.459508,1.93226
-1.01577,-1.57653,0.694818
1.17718,-0.742435,-1.43633
1.77026,-0.841224,-0.398137
-0.0502795,-0.324074,-1.97293
1.58643,1.20967,0.141205
1.12025,0.719534,-1.49242
1.62271,-0.585723,1.0118
-0.496086,1.88104,0.464296
-0.927832,1.76845,-0.108161
1.99203,-0.151542,0.094184
1.3097,-0.842196,-1.25515
-1.14901,-0.446271,-1.575
-0.375988,0.706325,1.83296
0.293536,-1.72057,0.976456
-1.22649,0.536638,1.48585
-0.628201,0.289668,-1.87655
1.07891,-1.67559,0.168369
-0.78803,1.3549,1.24227
1.71368,0.54729,-0.873945
-0.869756,0.921114,1.5476
-0.411978,1.92727,-0.340463
-0.305571,-1.9765,-0.00860911
0.80308,0.260862,1.81301
1.15236,-0.915343,1.35433
0.238387,-1.89756,0.585174
1.99325,-0.0734157,0.146827
-1.61532,-1.1676,0.165713
-1.94585,-0.462151,-0.00989926
-1.26385,-0.596894,1.43052
-1.54763,-0.168682,1.25554
0.825915,1.25678,1.31847
1.5324,-0.857384,-0.957416
1.68078,1.07831,-0.110559
1.93196,-0.38564,-0.34468
-1.10454,0.556661,-1.57166
-1.53302,-1.27319,-0.169777
-1.35558,0.566741,1.35691
-1.88485,0.286477,-0.604382
-1.21693,-1.52982,-0.422765
-1.74327,0.146592,-0.969289
-1.12125,-0.179863,-1.64634
-0.784265,1.40125,1.19224
0.578213,-1.65603,-0.960856
-1.61449,-1.13659,0.31874
1.74597,-0.738144,-0.637759
1.15408,-1.52643,0.581454
-0.656381,1.76603,0.671042
0.390969,-1.92823,0.359285
-1.27298,-1.5329,0.172452
-1.81765,-0.552704,-0.62503
1.92707,0.456308,0.279583
0.318245,1.96285,-0.214344
-1.26202,1.41727,0.631388
1.74855,-0.336984,-0.910497
-1.18826,-1.5342,-0.484027
-1.48211,-1.0433,0.845501
1.30897,1.13035,-1.00445
1.99131,0.0748119,0.170572
-0.341351,0.195593,-1.96092
-1.19046,-0.513738,-1.52278
0.815203,1.78052,-0.406417
-0.79453,-1.35417,-1.23893
0.224746,-1.74479,-0.951416
-1.4167,1.40238,0.162133
-1.8782,-0.291145,0.622576
0.0145212,1.94606,0.461129
-1.36698,0.706786,-1.27742
-0.365688,1.95207,-0.236037
1.3936,1.16775,0.83321
0.624787,-1.21202,1.4631
-0.0803076,-1.6042,1.19168
-1.43818,-0.187769,1.37709
1.39457,-1.4087,-0.266002
-1.03136,-0.264698,1.69299
-1.05493,-1.35248,1.02856
-1.48189,0.608771,-1.19724
-1.51034,-1.11765,-0.685362
-0.629121,-1.59839,-1.02438
0.998771,1.22107,-1.22941
-1.74254,-0.668384,-0.718909
0.607056,1.83287,0.521596
-0.819605,-1.66027,0.756147
1.38146,-0.363242,-1.39986
-0.947878,1.71662,-0.393365
0.0515201,-0.806809,1.82932
-0.548481,-0.456259,-1.86842
0.0854034,1.20671,-1.59266
-1.33607,-0.839885,-1.22862
-0.445375,-0.213742,1.93803
1.08049,0.320782,1.65216
-1.88853,0.514396,-0.410916
1.78895,0.773285,0.449077
1.08497,1.6791,0.058854
0.975675,0.569692,1.65031
-0.498966,-1.90436,-0.352783
-0.812056,1.07509,-1.47809
0.524084,-0.304555,1.90593
1.89747,-0.123275,0.619999
-1.1084,-0.241782,1.64712
0.606089,-1.87857,-0.3219
-1.20074,1.17283,-1.08751
1.61267,-0.740344,-0.9226
1.99109,0.0998902,0.159946
-1.32789,-1.30598,-0.728781
-0.60826,-1.11255,-1.54669
1.75272,-0.0287642,0.962889
1.29252,0.150481,1.5188
-0.00683769,0.808668,1.82921
-1.7238,-0.762386,-0.668796
0.739566,1.56591,1.00049
-1.91688,-0.264661,-0.505498
1.15502,-1.58408,-0.395739
1.93093,-0.0237091,0.520521
-1.54622,-0.538356,1.14864
-1.1278,1.34568,-0.957719
0.805557,0.39274,-1.78797
0.787239,-1.83742,0.064487
1.58945,-0.198174,-1.19765
0.776707,0.803563,1.65862
-1.29,1.18065,0.970548
-1.79362,-0.883015,-0.0565652
-0.107478,1.57316,1.23029
0.935841,-0.53768,-1.68378
-1.93906,0.400955,-0.281596
-0.822013,-1.78486,-0.372256
1.58236,-0.960425,-0.757446
-0.549284,-0.230288,1.90926
1.56021,-1.02463,-0.718241
0.916848,0.646014,-1.65592
-1.39974,-0.398441,-1.37185
1.77377,-0.558059,-0.736413
-1.25653,1.00757,-1.18572
1.23371,-0.0577775,1.57309
0.499134,1.53875,-1.17606
1.37903,-0.648986,-1.29503
-0.215039,1.43707,1.37426
1.76781,0.928602,-0.111969
-1.27818,1.43163,-0.562762
-0.833579,-1.78866,-0.32534
0.610615,1.7958,-0.634223
-1.74298,-0.474829,0.858234
-1.0946,-1.394,-0.926623
-1.93627,-0.229834,-0.445009
-1.98934,0.204259,-0.0281834
-1.59429,1.05735,-0.583315
1.22192,1.30445,0.89741
-1.46131,1.19522,-0.660321
1.90119,0.597233,0.169705
0.94585,1.0486,-1.41626
-1.62373,0.174056,1.15464
1.42448,-0.107667,-1.39974
1.64872,-0.316007,-1.08714
-1.26646,0.958482,1.21548
-0.644057,-1.74602,-0.732544
-0.00688532,-0.860223,-1.80554
1.70301,0.178104,1.03347
-1.42824,0.470756,-1.31853
1.83611,-0.303631,-0.732463
-0.620631,0.2407,1.88597
-0.462674,-1.8225,-0.681483
0.351355,-0.482458,1.90887
-1.35858,-0.05658,-1.46665
-1.8391,0.241886,0.7478
1.26352,0.387094,-1.50122
1.77976,-0.822321,0.39527
1.05308,-1.61613,-0.52834
-0.298727,1.97011,0.171506
1.09038,-1.39055,-0.93672
1.7832,0.742336,-0.518793
0.56304,-0.919188,1.68466
-1.45051,0.810354,1.11326
-0.502878,-1.30018,1.4341
-0.648368,-1.58733,1.02956
0.652371,0.91294,-1.65558
-0.820101,-1.32849,-1.25002
-1.39823,-1.12775,-0.879279
0.00186249,1.38268,1.44505
0.960789,0.812366,1.55465
-1.15332,-1.50543,0.635241
-0.0334942,-1.7009,-1.05158
0.179555,-1.73592,-0.976906
1.88716,-0.618789,0.236062
-0.41613,1.04036,1.65665
1.18852,1.48985,-0.606448
-0.676448,1.8437,0.378405
-0.827405,-0.881756,-1.59308
1.10403,1.52315,0.67908
1.0278,1.56706,-0.698545
1.52347,0.0108599,-1.29573
-0.300824,0.222068,1.96474
-0.114526,0.702742,1.86897
-0.3747,1.5572,-1.1978
1.53584,-0.84342,-0.964288
0.0440044,-1.56302,1.24701
-0.192268,-1.16593,1.61358
0.918233,1.77165,-0.134584
1.82397,0.817634,0.0677584
1.61194,-0.128489,1.17691
-0.418536,1.89865,0.468984
1.2662,-1.13017,1.05804
1.5884,0.887151,0.830624
-1.32232,-1.33244,0.689965
-1.41029,-1.40034,0.223941
1.16053,-1.44182,0.757855
-0.579837,1.89344,-0.280496
0.513733,1.92202,-0.204781
-0.0017008,1.79299,-0.886102
0.0130862,1.98183,-0.268678
-0.697002,1.05693,-1.54825
1.52049,-0.949329,0.887063
-0.421686,-0.448829,-1.90282
-1.55378,-1.25504,-0.103198
1.80575,0.484162,0.710537
0.805248,1.6182,0.856154
1.63025,-0.165746,1.14666
-1.32061,-0.794355,1.27475
-1.05275,0.422779,1.64711
0.510383,1.64668,-1.01388
0.724491,1.52099,1.07782
-1.19326,0.614193,1.48287
-1.26883,1.4684,0.483593
1.73396,0.751378,-0.654851
-1.22233,-0.261936,-1.56119
1.1842,-0.908768,1.3311
0.530501,0.842835,1.73442
0.583549,-1.08647,-1.5745
-1.02509,-1.65845,-0.445807
-1.78407,-0.737063,0.5233
-0.175267,1.83733,-0.770394
-1.75329,0.689876,-0.670849
0.672702,-0.0989337,-1.88087
-1.73937,-0.806939,-0.568729
-0.929023,-1.3455,1.15176
0.252426,1.7743,-0.88778
-1.20012,-1.56851,0.315408
-0.13291,1.31872,1.49777
-1.89473,-0.162919,0.619226
1.84274,-0.771281,-0.0971217
0.702959,0.804108,1.69093
-0.811058,-1.28603,1.29935
1.13188,1.07193,1.25292
-1.28345,1.52921,0.119455
-0.427456,1.85293,0.61963
1.58385,0.389513,-1.15746
1.51399,0.986992,0.856546
-1.4671,1.1212,0.768454
-0.229732,-0.313536,1.96187
0.0928398,0.358171,1.96548
-0.292875,0.0158811,1.97838
-1.34319,-0.108647,-1.47785
1.16898,1.30822,0.96023
-0.868245,1.05872,-1.45783
0.236521,-1.38066,-1.42753
-1.17548,-1.58192,-0.340226
-1.70548,-0.147794,1.03417
1.74276,-0.779053,-0.596554
0.857707,-1.77023,0.361422
-0.432769,-0.95378,1.70382
-0.91889,-1.38755,1.10921
0.900291,-1.00795,-1.47429
-1.93672,0.498855,-0.0157234
1.23392,0.132026,1.56844
1.55611,-0.660082,1.06902
1.09879,-1.29279,1.05894
-1.10544,0.356068,1.62826
0.941424,1.05807,1.41216
0.297832,-1.97535,0.0963963
1.64804,0.576694,-0.975394
-1.45725,-1.36964,0.0229896
1.92389,0.142997,-0.527439
0.379868,-1.52565,1.23616
1.38799,1.08072,0.951588
-1.79889,-0.864843,-0.126683
-0.0977518,-1.15652,-1.62878
-0.0415267,-1.94907,-0.446536
1.56381,0.693103,1.03639
0.413386,0.105573,1.95396
0.375498,-1.82606,0.72424
0.666702,-0.919928,1.64598
1.60503,-1.08954,0.486613
1.61288,-0.634771,0.997841
1.45641,-0.38407,1.31581
0.158222,0.982898,1.73461
1.56245,-0.620501,1.08339
1.09619,1.55282,-0.622196
-1.69264,0.378614,-0.995805
0.469718,-0.851869,1.74748
1.9322,0.255501,0.44869
-1.81058,0.558917,-0.639849
-0.483829,-0.0713753,-1.93928
-1.11499,-1.23364,1.11128
0.766656,0.245493,-1.83084
-1.83453,0.196103,0.772036
-1.9268,-0.522464,0.120379
-0.216378,0.709397,1.8574
-0.291026,-1.97731,-0.0746121
-1.96459,-0.0207329,-0.374091
-0.360162,-1.79287,0.809878
1.22557,1.16374,-1.06943
1.61664,-1.05575,0.5214
-1.96437,0.306882,0.216987
1.93976,-0.0260626,-0.486449
-0.532949,1.6456,1.00397
-0.973369,-0.500436,-1.67395
0.432778,0.483094,1.89191
1.93715,-0.497409,0.00465509
1.24574,-0.108825,1.56086
0.582846,0.692266,1.78355
-1.00461,-1.05624,1.36935
0.68334,-1.33038,-1.32783
1.10455,1.07927,1.27088
-1.69501,0.338851,1.00605
-0.84474,1.38264,-1.17248
0.262162,1.01483,1.70335
0.746349,-1.28092,1.34246
1.40371,0.225154,1.40674
0.810863,1.08274,-1.47315
0.357405,-1.03887,1.67123
-0.670259,-0.782627,1.71413
0.314356,0.686639,-1.85195
-0.00795242,1.8664,-0.718671
-1.90235,-0.221147,0.576343
0.435811,1.4264,-1.33246
-1.32817,0.326899,-1.45914
-1.69077,1.05978,-0.134784
-1.23323,-1.48814,-0.514379
0.489166,-1.3882,-1.35411
-1.63316,0.929394,0.684847
1.67629,0.817139,0.722726
-0.514861,-1.63214,1.03492
0.35279,-1.8322,0.720126
0.16331,0.14633,1.98794
-1.69674,-0.198455,1.04004
1.29363,-0.659675,-1.37527
-1.96895,-0.343927,-0.0702856
0.919674,1.77327,0.0986203
-0.346369,1.51663,-1.25692
-1.4142,1.36413,0.373088
-1.13636,1.42082,-0.830627
-1.38706,0.957785,1.07643
0.133014,0.934153,1.76342
-0.762578,1.80182,0.414641
0.5197,-1.11145,1.57943
0.842597,1.20092,-1.35934
1.18312,-1.00277,1.26281
-0.791323,1.65944,-0.787441
0.258756,1.92724,0.467741
-1.07997,-1.57651,-0.590161
1.45032,-0.143297,-1.36969
0.276268,1.84736,-0.714796
-0.0363261,1.34192,1.48254
1.42141,-1.39188,-0.205596
-1.76908,-0.42381,0.831108
0.828064,-0.757327,1.65553
-0.423632,-1.95442,0.0279508
-0.909,0.803786,-1.58986
-1.37128,-1.04569,-1.01297
1.42222,-1.29684,-0.543607
-0.683092,-0.464368,1.82147
-0.972221,-0.571417,1.65175
-0.0873526,1.35087,1.47225
-0.664639,1.29,1.37628
0.314172,1.56738,1.20193
1.10775,-1.58989,-0.495126
-0.370396,-0.903963,-1.74518
1.04437,-1.04576,-1.34747
0.209954,-1.94815,0.400796
1.28711,-1.49596,-0.324729
-0.468511,-1.34745,1.40174
-1.57769,0.337967,1.18181
-0.047593,1.87734,-0.687978
0.565442,-0.0889213,-1.91634
-0.0213873,-1.77871,0.914189
-1.83725,0.423817,0.667015
1.16432,1.21417,-1.08174
-1.56915,-1.21901,0.227541
0.0489588,-1.98345,0.252011
1.20391,-0.829684,-1.36463
-0.98802,-1.10217,1.345
0.895087,-1.39424,-1.12023
1.85422,0.0313549,-0.748935
-1.236,-0.914942,1.27875
-1.31563,0.707443,1.3299
0.867003,-1.76302,-0.374275
0.333032,0.700058,1.84364
-0.663796,-1.80385,-0.552733
-1.83542,0.182088,0.773355
0.931632,0.522628,-1.69083
-0.640887,-1.88943,-0.139018
1.94095,-0.0771732,-0.476187
-1.54603,1.00702,0.771811
-0.331783,1.29193,1.49025
0.302729,-1.38123,-1.41441
0.822983,1.52809,0.993802
-1.02016,-0.671846,-1.58363
-0.605838,1.81385,-0.585591
-0.162717,-1.85432,-0.731448
-0.128964,-1.26491,-1.54382
0.686915,-1.87441,0.121352
-1.56634,-0.165784,-1.23252
0.48419,0.709758,-1.80605
-1.13151,-0.317417,-1.61831
1.03687,1.67472,0.346726
0.279816,1.06843,1.66738
1.99247,0.159145,-0.0688312
-0.870007,0.64197,1.68255
-1.38115,1.05223,-0.992584
-1.712,-0.497313,0.906501
-0.207399,-1.39505,1.41803
-0.815701,-0.940958,-1.565
0.414289,1.15242,-1.58123
0.205821,-1.87298,-0.670519
-0.54807,1.14821,1.54312
-0.864459,-1.58665,-0.857462
-0.455146,1.94726,-0.0320075
1.55887,0.891835,0.880091
-1.1666,-1.25968,-1.0258
-0.495178,-0.304591,1.91364
-1.39028,-0.693939,-1.25919
0.165836,-1.74636,-0.96058
1.86465,0.457241,-0.56037
0.767367,-1.20523,1.39949
1.7657,-0.746105,-0.570635
-0.903487,-1.37278,-1.13982
1.69422,-0.840274,-0.650824
-1.04084,-0.137918,1.70224
0.751247,-1.25299,-1.36589
-0.990495,-0.39392,-1.69226
-0.515061,-0.549653,-1.85273
-0.700667,-0.911878,1.63632
1.06383,1.39403,0.961741
1.71992,0.280614,0.98139
0.864621,-1.64729,0.734075
0.216692,-1.86104,-0.699688
-1.70292,-1.03612,0.162896
-0.0312216,-1.67416,1.09372
1.47118,1.03065,-0.879424
0.524122,-1.93002,0.0180439
-0.725369,-1.8633,-0.0441106
-0.93102,1.64835,-0.645103
1.22063,0.146853,-1.5775
-1.04183,1.70634,-0.054815
0.059249,-1.99869,0.0416287
0.280508,1.94574,-0.367998
-0.425491,-1.30327,1.45617
-1.99163,-0.0810826,-0.163848
0.0973638,1.28682,-1.52794
-1.90416,0.401217,0.461733
-0.221824,0.804496,1.81758
0.72969,1.34249,-1.29045
-1.68329,-1.00927,-0.384598
-0.0530972,1.03692,1.70938
1.00319,1.69055,0.36834
-0.230082,1.37012,1.43869
-1.26931,-1.31375,0.814201
1.37398,0.598358,1.32444
-1.51392,-1.14595,-0.62838
-1.14414,-1.40845,0.840957
-0.62893,1.43053,-1.24821
-1.52717,1.27337,0.215091
-0.395074,0.418403,1.91543
0.840397,-1.79588,-0.261829
1.6195,1.1701,-0.0898834
0.718867,1.64286,0.885583
-0.643847,-1.51027,1.14217
-0.711196,-0.38992,1.82816
-0.578565,-0.578891,1.82487
0.860918,-0.458718,1.74597
1.11615,-1.42524,-0.850237
-1.63004,0.893843,-0.73758
-0.712641,1.56041,-1.02823
-0.7749,1.60596,-0.905774
1.30782,0.948724,-1.17878
1.80536,0.847166,-0.151613
-1.20395,-0.947775,1.28539
-1.70202,-0.360739,0.986402
0.819208,-0.304696,-1.7989
1.67783,0.21407,-1.06727
0.912249,-0.356971,-1.74367
-0.614411,0.062882,-1.90225
-1.31096,0.186479,1.49887
0.823848,-1.4568,-1.09499
0.432383,-0.588113,-1.86203
-1.29109,1.51132,0.221358
0.372863,-1.30328,1.47052
-0.171867,1.90654,-0.579296
0.878039,-0.906191,-1.55173
-1.34895,-0.979034,1.10536
1.45533,1.36372,-0.149269
0.844546,1.16306,1.39069
-1.82836,-0.713707,-0.384369
-0.562891,-1.87504,0.409135
-1.74344,0.923452,0.328083
-1.6463,-0.631643,-0.943787
-1.81416,-0.737528,-0.406066
-1.63934,1.11301,-0.271608
-1.99647,-0.045094,0.109824
-1.47954,1.18844,-0.631336
-0.466174,-1.18925,1.53895
-1.61477,1.14679,0.278155
0.835579,1.73234,0.548455
0.62668,0.801278,-1.72198
0.508667,-1.64519,-1.01716
-0.956087,-0.77883,-1.57459
1.56114,-0.207874,-1.23274
1.38792,0.468537,1.36167
-1.84302,0.69997,-0.336649
0.405182,-1.57406,-1.16541
-1.05961,-0.987123,-1.37942
1.50549,-0.130054,-1.31019
1.11454,-0.185319,-1.65029
0.770297,0.746687,-1.68793
-1.82021,0.828231,0.0292079
-0.786523,0.325375,1.80984
-1.19087,-0.569189,-1.50262
-0.362719,-1.27438,-1.49813
-0.488744,0.250581,-1.92311
-1.56653,1.19015,-0.359905
0.750315,-1.3727,-1.24608
-0.589703,-1.83284,0.541261
-0.558837,-1.8741,0.418862
0.345035,-0.959622,1.72049
0.52493,0.838076,1.73841
-1.69232,-0.477599,-0.952867
1.96227,0.236714,-0.305713
-1.46131,-1.0635,-0.856461
0.985059,1.45302,-0.958334
-0.196601,1.09608,-1.66131
0.892723,-0.75577,1.6223
-0.75405,-0.188412,-1.8428
0.140523,-1.70236,1.04029
-1.27986,-1.49033,0.375333
-0.343783,-1.66324,1.05615
-1.80499,0.591348,-0.626342
1.56544,-0.626855,1.07538
0.164346,1.19161,1.59783
0.898728,-1.45122,-1.04223
1.58456,-1.21885,0.0597742
-0.61927,-1.4813,-1.19259
0.927971,1.40589,1.07812
-1.60379,-1.11346,-0.433679
-0.443668,1.19877,1.53821
-1.85725,0.342256,0.658391
1.47087,0.907703,1.00629
-0.38336,1.71361,0.957374
1.81738,-0.807593,-0.211954
-1.8946,0.634827,-0.0864441
0.066521,1.91827,0.561967
-1.62738,-0.597565,-0.997272
0.781232,-0.631881,-1.72928
0.339962,-1.31013,-1.47241
0.209559,-1.44035,-1.37167
1.03121,-1.42026,-0.958882
-0.240462,0.227273,-1.97244
-0.644841,-0.88852,1.67174
1.97233,-0.294337,0.152636
0.96549,0.70621,1.60284
-1.1955,-1.33517,0.887741
-0.588985,1.38183,1.32047
1.9848,0.2367,0.0673305
-1.29189,-1.05382,1.10476
-1.64708,0.291137,1.09653
-1.66107,0.985573,-0.519122
0.77801,-1.44029,-1.14903
-0.874882,1.1609,-1.37364
-0.935219,-1.76121,0.153342
1.83615,-0.658147,-0.44202
0.830401,-0.615902,1.71205
0.742941,-0.364457,-1.82077
-1.62456,-1.05953,-0.488064
-1.54639,-1.26834,-0.000550636
-1.42693,0.404948,-1.3416
1.6907,0.284717,-1.0298
-0.966986,1.73004,0.268128
-1.56851,0.760092,-0.980834
1.4625,1.28473,0.458861
-1.11712,-1.65849,0.0380483
-0.899442,1.57624,0.840511
1.76439,-0.928728,-0.156203
-1.57888,-1.22549,0.0730198
-0.749425,1.6235,-0.895889
1.65767,-0.891224,0.676645
-1.25911,0.0982155,1.55081
-0.656079,-1.8784,0.202934
0.625967,-1.63315,0.970045
0.212353,-1.98685,0.0856698
1.42993,-0.733695,1.19037
-0.037094,1.99939,-0.0328987
-1.46782,0.500148,-1.26307
-0.881545,-1.77376,-0.276891
1.94286,-0.39903,-0.257054
0.441089,-0.90512,1.72806
-1.68121,-0.0971343,-1.07893
-1.96995,0.0537882,0.341202
1.18134,-0.941958,-1.3104
-0.117286,0.949753,-1.75619
-0.624865,1.21925,1.45704
1.57916,0.487664,-1.12625
-1.33605,-1.28513,0.750609
0.56273,1.41506,1.29651
1.36942,1.45728,0.0321448
-0.416382,-1.29881,1.46277
-0.836888,0.211007,1.80419
-0.384478,1.07483,1.64223
0.302495,0.669616,1.86014
-0.0583553,-0.893916,-1.78816
-0.998577,-1.57854,-0.714883
-0.881685,0.915708,1.54406
-0.801026,0.590424,1.73486
-0.151119,1.90814,0.579801
-0.822685,0.303639,1.7975
0.999746,0.608211,1.62191
-0.462934,-1.8219,0.682909
0.355883,-1.95441,-0.231565
-0.0595817,-1.47429,1.35016
1.0415,-1.11249,-1.29524
1.85864,-0.443299,0.590716
-1.49788,-0.131838,1.3187
-0.107995,-1.45876,1.36395
1.44329,-0.690475,1.20006
0.291686,-1.97166,-0.165798
0.783514,1.72591,0.638233
-0.116086,1.75158,-0.958375
-0.988623,1.65926,-0.519115
1.39741,0.292489,-1.4006
-1.337,1.04325,-1.06022
-0.219419,-0.240331,1.97335
-0.954453,-0.623711,-1.64317
-0.0923285,-0.267538,1.97987
-1.03332,-0.154417,1.7054
-0.668493,1.81347,-0.51423
0.902368,-1.35969,-1.15627
-0.912973,1.56498,-0.84694
0.203198,-1.81686,-0.811005
1.41489,-1.16215,-0.804673
0.921236,1.77317,0.084721
-0.94048,-1.44131,1.01888
-0.648109,-1.51074,1.13913
-0.0315695,1.88617,-0.664347
-0.84739,1.46106,-1.07109
-1.00436,-1.30904,1.13035
0.30211,-1.27384,-1.51197
-1.63516,-0.500893,1.03699
0.364354,1.78225,-0.831152
1.84352,-0.166702,0.7574
1.08086,-1.30614,-1.06101
-0.723398,1.58643,-0.979765
0.98808,1.72011,0.254779
0.0632255,-1.47066,-1.35395
-1.91278,-0.464566,0.354209
-0.564219,1.8735,-0.414334
0.760695,-1.72539,-0.666606
1.81407,-0.675677,-0.502586
-1.13173,1.34315,-0.956638
-0.909681,1.26775,1.25112
0.648581,0.737725,-1.74216
0.809437,-0.381407,1.78867
-1.87155,-0.361724,-0.605353
-1.43447,-1.19576,-0.715854
1.66333,0.76449,-0.805538
-1.98687,-0.18606,-0.133215
-0.501006,0.437783,-1.88609
1.9973,-0.103708,0.00747286
-1.94258,-0.413873,0.234724
0.139255,0.146853,-1.98973
0.29165,-1.974,0.135085
-1.44127,-1.29846,0.486562
1.62411,1.14704,-0.215776
-1.05449,-0.758229,-1.5209
1.37223,0.967041,-1.08712
-0.743104,-1.19297,-1.42289
-1.66945,0.0863817,1.09794
1.01871,-1.44903,-0.928733
-1.70575,-0.0418693,-1.04339
-1.8659,-0.414359,0.588828
0.652712,-0.882631,-1.6718
-0.771757,-1.74714,0.593207
0.929587,-0.604316,1.66453
0.667728,1.85767,-0.321266
1.26814,-0.123769,1.54159
1.01257,-1.6615,-0.462727
-1.64251,-1.14104,-0.0129881
0.684758,1.80109,0.535877
-1.74391,0.1956,0.959432
1.67868,-1.00961,-0.403393
0.827653,-1.74635,-0.515032
-1.99425,-0.132191,-0.0740673
-0.846208,1.52397,-0.980537
0.451831,1.81248,-0.714681
1.96282,-0.383786,-0.00761609
-0.684858,-0.270577,-1.8595
-1.4761,1.13537,-0.729434
-1.6622,0.0930342,-1.10834
1.16747,-1.56294,0.440715
-1.7088,-0.283147,0.999919
1.15438,1.38917,-0.858837
0.373173,0.120451,1.96118
1.31656,-0.33291,-1.46828
1.39866,-1.07043,-0.947595
-1.43809,1.05935,0.899824
-1.54585,-0.888092,0.906445
-1.08583,0.111631,-1.67586
1.14268,-0.246068,-1.62288
0.826677,1.81221,0.180263
-1.52122,0.633117,1.13361
1.57597,-0.329989,1.18635
-1.07311,-1.3496,1.01342
0.0434975,1.00293,1.72981
1.78183,0.689285,-0.591596
1.03207,-1.52053,0.789199
-0.606149,-1.90593,-0.00478397
0.0689447,1.69331,-1.06205
-1.61624,-1.15758,0.218612
0.384292,1.35009,-1.42463
-1.71307,0.206073,1.0114
-1.28796,-0.715175,-1.35266
1.88031,0.650632,-0.202748
-0.59781,-1.234,1.45597
0.264043,0.206208,1.97174
0.457153,1.33229,-1.41986
1.93726,0.484327,0.111594
1.22329,0.428413,1.52316
0.49086,-1.90814,0.343606
0.262855,0.847203,1.79253
-0.0341495,0.434605,-1.95191
0.0648244,1.83858,-0.784491
0.550237,-1.87169,-0.440454
1.90429,-0.0152965,-0.611098
1.66425,-0.795624,0.772812
0.462537,1.61839,-1.08022
1.75877,0.695073,-0.650858
-0.202405,0.799348,-1.82211
0.447013,-0.997173,-1.67506
-1.49655,-0.516493,-1.22211
1.84422,0.591779,-0.498642
-1.29821,-1.35841,-0.685104
-1.43473,-1.29839,0.505688
1.41226,-0.396136,-1.35963
1.42781,0.252938,1.37745
1.56008,-1.24708,-0.104577
-0.539844,-1.647,-0.997977
0.292745,1.24606,-1.53676
1.16595,-0.353395,-1.58608
-1.63557,-0.471686,-1.04997
0.691757,1.46901,1.16768
1.04022,-1.70325,-0.129947
0.485772,-1.4466,1.29282
-1.78144,0.785886,-0.457004
-0.2616,-0.63551,1.87822
1.58593,1.10092,-0.522304
-0.523696,1.85942,0.517982
-0.0943743,0.63156,-1.89532
0.271539,1.48605,-1.31069
-0.59457,1.03291,-1.60611
-1.89197,-0.502111,0.410278
0.597124,-0.615498,-1.80682
0.985569,1.67048,-0.488018
-1.59355,0.69031,-0.992001
-0.601213,1.67482,0.912966
-1.17229,1.275,1.00005
1.77499,0.16913,-0.905978
-0.455441,-0.0554248,-1.94666
1.03706,0.888977,-1.4609
-1.11446,1.64549,0.224358
0.213423,1.94198,-0.427979
-1.86684,-0.436327,0.569667
1.56269,-0.738625,-1.00619
1.70452,-1.01108,0.268939
-1.89229,-0.0971188,-0.640158
0.378218,-1.74806,-0.895115
-1.26683,-1.46183,0.508143
-1.45081,-1.35695,0.232021
0.153168,-1.31387,-1.5001
-1.50882,0.62456,-1.15472
0.213274,0.499496,-1.92484
-0.177081,1.06915,-1.68094
-1.77846,-0.906366,0.124757
-0.160864,-1.96968,-0.307351
1.87386,-0.013428,0.698908
0.0101797,-1.66156,1.11316
-1.23394,-1.28615,-0.907314
0.220438,-1.84948,0.728588
-0.652088,-1.88849,0.0915936
-1.30083,-1.42888,-0.515891
-1.40157,-1.42523,-0.0658324
1.91287,-0.0150199,-0.583704
-1.89706,-0.370463,0.513734
-0.453023,-1.13466,1.58345
-1.93444,-0.338659,0.378474
1.04098,-1.09801,1.30795
-0.0914377,-1.72546,1.00719
1.18969,-1.59761,0.179681
-1.27109,0.130102,1.53864
1.64261,-0.613842,-0.96179
-0.900572,-0.383494,-1.7441
-0.687384,-1.50932,-1.11779
1.34116,0.589157,1.36168
-0.758892,1.15923,1.44232
1.56399,1.12438,-0.538222
0.445453,-1.09357,1.61421
-0.939936,0.0380702,-1.76496
-0.184727,1.82477,0.797563
-1.99887,0.0485111,-0.0467442
1.95027,-0.440915,-0.0450388
-0.862248,1.67885,0.661796
-0.2314,1.13937,1.62735
1.45767,1.29498,0.445231
0.109522,-1.73093,-0.99593
0.885195,1.18871,1.3429
-1.56727,-0.34353,-1.19401
-1.29006,0.332704,-1.49166
1.12169,1.49037,0.72153
0.953436,0.4161,-1.70816
1.85641,-0.640869,0.378178
0.280981,1.77808,0.871476
-1.01971,1.27727,-1.15272
1.22638,-1.56643,-0.205625
1.90941,0.58968,-0.0801823
-0.718789,1.73278,-0.693398
0.970874,-0.177295,1.73953
-0.399737,1.86021,0.616298
0.968018,-1.73783,-0.207132
0.648624,-0.950011,-1.63608
1.69289,-0.456228,0.962287
1.41544,0.35983,-1.3664
0.841429,-1.74765,0.487562
-0.0404312,1.66458,1.10795
1.72092,-0.289978,-0.976911
-0.240026,0.0382338,-1.98518
0.88957,0.0580734,1.79033
-1.79405,0.225962,-0.854594
-1.21299,1.58771,-0.0884353
0.584947,1.02608,-1.614
-0.451623,1.51162,1.22924
0.528525,1.06302,-1.60955
-1.04759,-0.745018,1.53215
-1.94642,0.436077,-0.145885
-0.947173,-1.75782,-0.113712
1.40509,0.414618,1.36155
0.414006,-0.267898,1.93825
0.338858,-0.196715,-1.96124
1.95642,-0.415213,0.000282141
0.644107,1.20488,1.46061
-0.567086,1.72694,-0.834326
1.35522,1.26155,0.756227
-0.242444,-0.246145,1.96993
0.594918,-1.44435,1.24897
0.827554,1.61346,0.84374
-1.83084,-0.803732,-0.0453711
1.06694,0.225735,-1.67651
-0.705826,-1.78156,-0.572587
1.41124,-1.36994,-0.362842
-0.74568,1.57755,0.977396
-0.304645,-0.514032,-1.90865
1.94235,-0.412621,-0.238785
1.53865,-1.22108,-0.376218
-0.957929,1.70606,-0.414424
0.718109,0.648923,1.75021
-0.398134,-1.50316,1.25777
0.99448,-1.72958,0.1399
-0.261958,-1.89902,0.570169
-0.492169,-1.32455,1.41539
-0.531883,-1.52843,1.17516
-0.45719,-1.11705,-1.59473
0.954698,1.11681,1.35694
1.56978,1.1165,0.537794
0.265496,-1.29713,-1.49899
-1.39396,0.997157,-1.0308
-0.210512,-1.96199,0.326018
-0.502257,-1.58314,-1.11418
1.33878,0.215062,-1.47018
-1.37953,-0.928066,1.11158
0.47805,-1.50523,-1.22709
-0.753702,-1.71467,0.701307
-1.34259,0.0563748,-1.48131
-0.874808,1.50079,-0.991137
-0.294328,0.896201,1.76357
-0.727133,1.28489,1.3492
1.25122,0.800975,-1.33899
1.30633,0.0221273,1.51427
-1.59767,-1.14527,0.3685
-1.84645,0.181608,0.746751
0.175585,-1.84122,-0.760983
-0.557845,1.07979,1.58835
0.654489,-0.955476,-1.63056
1.11556,0.463387,-1.59399
0.670372,-1.86168,0.291109
1.25828,-0.0687647,1.55306
-0.292659,1.15813,1.60409
-1.48865,-1.32036,0.20138
0.401399,1.18577,-1.55975
-0.716293,-1.45738,1.16746
-1.42323,1.07685,-0.902664
0.131846,-1.81147,0.837377
-1.30721,0.074452,-1.51184
1.0238,0.7308,-1.55491
0.451854,-0.602748,1.85271
-0.779651,-0.423506,-1.79243
1.93308,0.171549,0.483489
0.257313,1.9703,-0.227395
1.1469,-0.519147,-1.55407
-0.521054,-1.44983,-1.27534
1.12576,0.416042,1.59986
-1.95675,-0.0792825,-0.40602
-0.900976,1.33107,1.19017
-0.526657,0.684231,-1.80401
-0.209292,1.97502,-0.235534
0.738959,-1.84588,0.215984
-0.183822,1.27391,-1.5308
-1.47589,0.535536,-1.23893
-1.49961,-0.728672,1.10464
-1.13066,0.31377,-1.61962
-0.7733,-1.79954,0.40457
1.8253,0.260083,-0.77501
-0.186432,-1.57298,-1.22106
1.44873,0.441479,1.30625
1.59348,-1.08186,-0.538886
-0.606315,-1.43363,1.25582
-1.05238,-0.0355243,-1.70036
-1.16766,0.690763,-1.46949
0.308953,-1.83724,-0.727401
-1.12103,-1.52063,-0.65649
1.4497,0.69546,-1.18941
0.567836,1.64322,0.988631
-1.50869,-0.656606,1.13698
1.87217,-0.0475171,-0.701947
1.39618,-0.431359,-1.36551
0.836809,1.60839,0.844299
-1.21067,1.5684,-0.272752
-0.561563,-1.91869,-0.0571435
-1.09784,1.41151,0.895771
1.56357,0.456228,-1.16065
1.01332,0.451927,1.66401
1.30967,1.26129,-0.833021
1.77338,0.117584,-0.917217
0.881615,-0.872932,-1.56868
0.418246,-1.743,0.887146
-1.87186,0.0902369,-0.698564
0.188376,-1.78812,-0.875865
-1.93411,-0.346891,0.372696
0.806125,1.55437,0.966484
1.69798,1.05134,-0.107454
1.6812,-1.06373,0.205094
1.22918,-0.61623,-1.45237
-1.83834,0.434163,-0.657278
-0.514009,-1.70364,-0.912901
-0.210678,-1.49512,1.31158
0.217621,-0.926264,-1.75917
-1.0439,-0.0180178,-1.70585
-0.700264,1.47001,-1.16134
1.99423,0.0744816,0.132354
-0.975719,-1.69901,0.401662
-1.39561,1.23445,-0.726915
-0.36933,1.8953,0.521001
-1.88258,-0.642065,0.208891
0.960724,1.34197,-1.12965
-0.627833,-1.5046,1.15846
0.3397,-0.584953,1.88214
-1.27889,-0.275354,1.51282
-0.647197,-1.04841,1.57543
-1.75859,0.0549596,-0.950973
-0.537209,-1.84957,0.538963
-1.10946,1.55352,-0.596404
-0.728791,-0.875371,-1.64396
-1.26347,0.986048,1.19639
0.950348,-1.49665,-0.925672
-0.919469,0.519513,1.69844
1.61873,0.69993,-0.943298
-1.86185,0.164221,-0.711715
1.79459,-0.0658637,0.880396
-1.15832,0.672756,-1.48516
1.38508,-1.23452,-0.746668
-0.574987,1.9031,-0.218164
-0.67458,1.2858,-1.37538
0.728471,-0.698201,-1.7268
0.443283,-1.54388,1.19161
0.468199,1.74617,0.855373
0.590246,-0.437087,-1.86026
-0.577106,0.0907007,1.91278
-0.427515,1.94566,0.177889
-1.02243,-1.69917,0.259772
-1.03875,1.30835,-1.09965
0.95808,0.71149,-1.60495
0.639437,-1.68162,0.873653
1.6955,0.933398,-0.504031
-1.7722,-0.464205,-0.802375
0.983366,-1.04534,1.39293
-1.73795,-0.916695,0.373102
-1.31642,-0.698462,-1.33386
-1.88396,-0.469301,-0.480057
-0.381224,1.5155,-1.24816
0.603128,1.11817,-1.54465
-1.00366,1.29847,-1.14308
-1.19465,1.07668,1.18893
1.9931,0.125492,0.108591
1.55252,1.2343,-0.257297
-0.845628,-1.66418,0.717916
-0.499782,0.155434,1.9303
-1.66102,0.854702,0.714502
-0.65837,-1.4378,1.22445
0.385318,1.9508,0.214237
-0.568751,-1.27878,1.42872
-0.732513,0.124417,-1.85686
-1.02824,-1.62687,-0.54407
-0.380714,1.24053,-1.52189
-1.78289,-0.873868,0.240109
-0.731192,-1.62608,-0.906213
1.28422,0.557009,-1.42847
1.59744,1.17639,0.253565
1.37415,-0.699284,-1.27386
0.628259,-0.371494,-1.86206
1.87009,-0.636289,-0.312903
-1.7207,0.0583228,1.01775
1.71322,0.903444,0.498679
-0.101463,1.55349,-1.25554
0.250815,-1.92064,-0.498243
-0.768071,1.26233,1.34781
-0.23758,-1.63355,-1.1292
-1.90743,0.284025,0.530128
-0.340384,-0.960358,-1.721
-0.0905182,-1.42226,1.40321
0.155721,1.3887,-1.43083
0.199333,0.080931,1.9884
0.786049,1.11035,1.46603
-1.71581,0.603561,-0.831682
-1.14239,-0.0116106,-1.64159
1.89744,0.632233,-0.00346701
0.205461,-0.411027,-1.94649
1.71846,-0.519855,-0.881267
0.753669,1.50679,-1.07776
-1.41105,0.429854,-1.35061
-0.165466,0.985853,1.73226
-0.281067,0.655207,-1.86861
0.496641,0.768721,-1.77832
-1.35223,-0.344354,1.43279
-0.930112,-0.498655,1.69889
-0.851117,1.80956,-0.0331664
-1.16299,1.42222,0.790398
0.0990674,-1.63192,-1.15197
-1.93731,-0.359014,-0.343422
0.602486,0.335837,-1.87729
1.56711,-1.12532,-0.527086
-1.19685,-0.967649,1.27718
1.71301,-0.366439,0.965044
-0.748674,1.62901,0.886454
-0.868963,-1.75486,0.406648
-0.75421,0.0682787,-1.85108
-1.01487,-0.357159,1.68596
-0.799949,-0.914433,1.58868
-1.1164,1.65922,0.0250911
-0.558922,1.37495,1.34056
0.194089,0.393816,-1.95121
1.81537,-0.0766409,-0.835796
-1.55312,0.51672,1.14927
0.708493,1.84042,0.332986
-1.05911,-0.627598,-1.5762
-0.0835505,0.14911,-1.99268
-0.500851,-1.82692,0.641497
-0.450871,-0.248071,1.93266
1.20139,-0.981088,-1.26258
0.625769,0.716712,1.75919
-1.32407,-0.133866,-1.49296
0.877001,1.45367,1.05722
-0.472962,0.623283,-1.8406
0.721282,1.0604,1.5347
0.724697,-1.14307,-1.47248
-0.799669,1.76434,-0.497616
0.879202,-0.904389,-1.55212
1.9979,-0.0910643,0.009408
0.0194507,0.740056,1.85794
-0.0533829,1.70428,1.04526
