1.96729,0.289141,-0.0721821
1.87091,0.0897284,0.113697
2.07472,0.120475,-0.0957288
1.86462,0.0134334,0.234552
2.04164,0.486545,-0.0442554
1.91424,0.00353375,-0.0682956
1.8821,-0.0633878,0.0470558
2.20164,-0.291181,-0.0733841
2.21513,0.101033,-0.0361747
1.87825,-0.0262047,-0.125143
1.93828,0.21273,-0.0678546
2.00015,0.294349,-0.132254
2.03085,0.0447599,0.0664338
1.86613,0.243519,-0.143659
2.17608,0.34884,0.0105063
1.94367,0.133667,0.0451269
2.10466,0.174518,0.0942841
2.10984,0.238071,0.351287
2.18134,0.255018,0.0810337
1.8506,0.38211,-0.10221
1.68098,0.167429,0.304152
2.07563,0.105534,-0.0407894
2.12763,0.540709,-0.117354
1.91131,0.398428,-0.0214577
1.80234,0.185153,-0.0639739
1.74369,0.560258,-0.302609
1.87302,0.573868,-0.084304
1.81461,0.232519,0.0939799
1.97229,0.325333,-0.0556179
2.15808,0.497379,0.253355
2.02119,0.351865,0.0747848
2.02662,0.436493,0.0966105
1.93081,0.136709,-0.149945
2.01926,0.520356,0.0154706
1.89053,0.551088,-0.0229675
1.93008,0.258523,-0.110595
1.74887,0.57723,0.0403534
2.04303,0.814396,-0.347286
1.73265,0.380907,-0.207045
1.89124,0.259348,-0.159104
1.89659,0.353483,-0.046727
1.87763,0.415776,0.044996
2.00164,0.808128,0.116051
1.43336,0.296857,-0.120525
1.89113,0.698972,-0.382799
2.01106,0.269952,0.114045
1.74103,0.476932,-0.00767764
1.90449,0.726083,-0.085016
2.01855,0.435985,-0.173261
2.26859,0.47048,-0.00563157
1.83832,0.512114,-0.0148778
1.99956,0.623376,0.0139264
1.68374,0.514019,-0.0159715
1.90241,0.433583,-0.0940935
1.89707,0.858899,-0.0974383
1.7418,0.573224,-0.418019
2.11887,0.506969,0.101195
1.81085,0.891981,0.0795145
1.88796,1.09015,0.0239366
1.76853,0.973121,-0.00279669
1.78078,1.06169,-0.0314451
1.88446,0.607806,0.0104503
1.75895,0.748027,0.106383
1.83101,0.637853,0.0177082
2.02057,0.651016,0.231266
1.97651,0.966988,0.244838
1.68277,0.984595,-0.0544906
1.87538,1.01103,-0.216999
2.04741,1.0234,0.279005
1.78123,0.861043,-0.0874641
1.76823,0.833601,-0.0991038
1.8405,0.837268,0.0495786
1.90371,0.771146,-0.150228
1.70775,0.826806,0.242586
1.83863,0.884582,-0.020987
1.5383,0.963678,-0.032913
2.01818,1.1696,0.0128121
1.90164,1.03741,0.0173255
1.80623,1.02885,0.181731
1.82668,0.848139,-0.114691
2.25236,1.15496,-0.330462
1.57725,0.775574,0.0666284
1.71658,1.07552,-0.0716612
1.71213,1.00426,0.118998
1.77227,0.878567,0.24069
1.83451,1.0107,-0.025572
1.66666,0.960915,-0.225685
1.55626,0.929761,0.276554
1.75009,1.27734,-0.194254
1.56988,1.13313,-0.243196
1.88702,1.02859,0.0454504
1.73139,0.94024,-0.191221
1.82073,1.13532,-0.0143552
1.44754,1.26887,-0.204323
1.64509,1.00354,0.447609
1.55609,1.04645,-0.329916
1.47149,1.11658,0.0442745
1.54084,1.26962,-0.0965227
1.57474,1.26056,-0.0776868
1.6055,0.933096,0.142528
1.63387,1.1676,0.0541384
1.61336,0.955206,-0.0645737
1.45505,1.55259,-0.164727
1.91066,1.31866,-0.0429722
1.85177,1.18737,-0.174521
1.78674,1.18823,-0.146289
1.65302,1.03176,0.0202491
1.50368,1.1504,-0.255827
1.51638,1.60727,-0.162432
1.40604,1.28636,-0.046379
1.34875,1.34588,0.185679
1.4979,1.08983,0.0696496
1.74084,1.12482,-0.119436
1.41887,1.46096,0.32992
1.57427,1.12499,0.101771
1.42504,1.13637,-0.133649
1.3747,1.21864,-0.0945715
1.23533,1.45981,-0.00739456
1.51014,1.39894,0.0795222
1.28842,1.37353,-0.0210379
1.78195,1.28361,-0.18572
1.51841,1.62949,0.203452
1.12682,1.48581,-0.208962
1.10687,1.10414,0.109581
1.11912,1.48446,0.0515035
1.5267,1.52807,0.0939788
1.25968,1.32942,0.052125
1.4314,1.42243,-0.0359617
1.72756,1.67303,0.220541
1.30231,1.73392,0.0406038
1.59715,1.34929,0.0968254
1.41182,1.55707,0.0281779
1.39125,1.41987,-0.0929695
1.23604,1.30785,0.196214
1.31563,1.7307,0.0627681
1.09985,1.51948,0.00565061
1.31881,1.65458,-0.0554333
1.5652,1.39548,-0.0224044
1.20944,1.5181,0.279519
1.19231,1.39761,0.340528
1.58267,1.39616,0.304459
1.0813,1.24581,-0.00184759
1.2086,1.87308,-0.111989
1.15401,1.39696,0.0584574
1.06589,1.67444,0.0428367
1.34278,1.9327,0.0886382
1.36484,1.56852,-0.103702
1.27819,1.39612,-0.072326
1.16952,1.25682,0.00646651
1.21167,1.63014,0.122564
1.27883,1.65149,-0.286487
1.09333,1.42963,-0.229914
0.978184,1.51976,0.187346
1.43474,1.40067,0.0171131
1.31227,1.70063,-0.165405
0.920763,1.82396,-0.0951714
1.29569,1.79183,0.184959
0.820206,1.78368,-0.10522
1.19181,1.63676,-0.235925
1.13566,1.76192,0.0703691
1.09285,1.72446,-0.0997261
0.789997,1.70434,-0.0350313
0.978633,1.83447,0.123212
1.09242,1.72912,-0.226517
1.25336,1.69389,-0.122427
0.998555,1.5541,-0.00324468
0.959703,1.72726,-0.0399181
1.15053,1.72286,-0.137357
0.868815,1.87838,0.103528
0.920435,1.63608,0.276514
1.04082,1.8235,-0.181386
1.29832,1.81386,-0.273124
0.790686,1.85621,0.14478
0.955973,1.66007,-0.0897431
0.824454,2.01651,-0.0430321
0.970298,1.84176,0.0861671
0.964465,1.51243,0.0789525
0.781834,1.6434,-0.161674
1.04375,1.87805,0.210792
0.635207,1.71578,0.0422748
1.00524,1.78999,0.24494
0.685743,1.87829,-0.111584
0.876833,1.82758,0.0415551
1.03029,1.56522,-0.0882419
0.822683,1.70568,0.106643
0.98372,2.0891,0.062936
0.710668,1.83152,-0.0901256
0.831023,1.60976,0.0166745
0.550785,1.50722,0.0182776
0.561727,1.78376,-0.063296
0.764975,1.92515,-0.0943885
0.648673,1.8689,-0.0218722
0.61656,1.73468,-0.0440114
0.511456,1.97571,0.105431
0.550305,1.89245,0.121176
0.600773,1.90305,-0.0433107
0.747338,2.22761,-0.184045
0.396123,1.93298,0.151247
0.740367,2.13785,0.0457687
0.662691,1.92272,0.0968237
0.34999,2.10317,0.0562751
0.867512,1.7879,0.0159423
0.661236,1.80651,0.137475
0.733065,1.8649,-0.0199209
0.681288,1.8306,0.223412
0.355603,2.04803,0.0582101
0.580541,1.84092,-0.00160189
0.494365,2.17237,0.0955997
0.483373,1.96793,-0.156193
0.622109,2.00907,-0.302515
0.636634,2.2062,0.0216763
0.275489,2.16912,0.111457
0.424779,2.08287,-0.274582
0.355069,1.87703,-0.058077
0.454563,2.09791,-0.177368
0.229895,2.31346,-0.0740902
0.346935,2.07688,0.0844082
0.124197,1.73789,-0.050712
0.502031,1.93916,-0.226271
0.290161,1.93678,-0.080974
0.193331,1.79194,0.0721003
0.00389527,1.9121,-0.19106
0.303766,2.05179,0.164479
0.487335,2.06664,0.305073
0.436759,1.67141,-0.0279227
0.328191,1.86078,-0.186232
0.294171,1.94041,0.0438414
0.261614,2.06894,0.189842
0.363741,1.95076,0.0102787
0.080348,1.98385,-0.140577
0.090351,2.06227,0.11161
0.17558,1.87505,0.0308199
0.0102395,2.17045,-0.110145
0.308299,1.93944,0.136478
0.196205,2.00906,-0.0776533
0.18796,2.23839,0.0154554
0.212484,2.20549,0.0386047
0.0304134,1.86651,-0.308393
0.0827461,2.0385,0.506313
0.334476,2.25691,-0.0568155
-0.240883,1.882,-0.049068
0.166388,2.01057,-0.188343
-0.0304435,1.749,-0.147495
0.0683829,2.24945,-0.281799
-0.0154229,2.04067,0.108974
0.109198,2.06719,0.0135721
-0.116432,2.04136,0.130712
0.0215733,1.92454,0.0646414
0.0258577,2.0778,0.125557
-0.125377,2.02881,0.0357482
0.0474844,2.15414,-0.0159696
-0.133866,2.02623,-0.056445
-0.165727,2.1198,0.0528408
-0.112311,2.03922,0.00460068
-0.0192487,2.06423,-0.102848
0.177654,1.88227,-0.136875
0.229542,1.95208,0.0570405
-0.336179,2.13849,0.0870154
-0.0891312,2.04512,0.280962
-0.348061,2.02305,0.4369
0.0729182,2.13337,0.281653
0.100744,1.97752,-0.148326
-0.401994,2.01802,0.0467563
-0.0836233,1.70579,-0.0143885
0.0351384,1.98229,0.101426
-0.362072,2.1147,-0.0916333
-0.390721,2.12144,-0.0637901
-0.149072,1.75805,-0.0938942
0.000579654,1.99281,-0.299592
-0.240088,2.00019,0.151573
-0.393872,2.03404,-0.0967316
-0.33484,1.98806,0.148898
-0.276944,1.97022,0.0514348
-0.397466,1.91767,0.0591059
-0.220571,1.86645,0.0906363
-0.189905,2.12019,0.00309725
-0.260851,1.896,-0.21516
-0.371885,1.93662,-0.0914054
-0.447228,1.77984,-0.071365
-0.160827,2.18968,0.264151
-0.202023,1.82401,0.0156858
-0.352967,1.86346,-0.0240684
-0.571484,1.81905,0.0372638
-0.262448,1.95949,-0.253423
-0.385343,1.75918,-0.157826
-0.258981,2.25366,0.153787
-0.483806,1.79944,-0.165299
-0.418683,1.99232,-0.0027571
-0.533742,2.1335,-0.170045
-0.351718,1.98275,0.139716
-0.854023,1.9795,0.340359
-0.652986,1.9633,-0.0595339
-0.0327696,1.90886,0.034856
-0.848882,1.96021,0.00764973
-0.569228,1.83161,-0.0321139
-0.414172,1.8707,0.311254
-0.689563,1.92788,0.076296
-0.620594,1.84181,-0.163592
-0.912779,1.91262,0.159928
-0.737053,1.8652,-0.072753
-0.325947,2.09425,0.0139582
-0.62872,1.94151,-0.0143771
-0.707565,1.95149,-0.233176
-0.742377,1.95435,-0.0637104
-0.761885,1.81249,-0.0535636
-0.749883,1.74957,-0.207956
-0.553949,1.74131,-0.127821
-0.877965,1.59264,-0.0977607
-0.461168,1.77341,0.0810427
-0.920104,1.81285,0.301177
-0.334134,1.90324,0.109744
-0.962083,1.63585,0.185055
-0.907646,1.98999,-0.187394
-0.860305,1.55949,0.028316
-0.864339,1.78286,-0.103993
-0.733324,1.69172,-0.121031
-0.973093,1.94652,-0.0861861
-0.667165,1.902,0.0840061
-0.747802,1.41408,-0.0158678
-0.82139,1.96894,-0.225977
-1.03978,1.84339,0.0760566
-0.956875,1.70669,0.184959
-0.999294,1.94137,-0.152182
-0.771658,1.96208,-0.0488081
-0.804483,1.79456,-0.0833307
-1.02735,1.96586,0.10627
-0.901478,1.69893,0.140152
-1.15812,1.50358,0.206979
-0.80856,1.7515,0.00510154
-0.831978,1.51021,0.0313341
-0.998626,1.76474,-0.0131227
-1.02455,1.86607,0.0909267
-0.840781,1.74817,0.128944
-1.03916,1.60947,0.126909
-0.800305,1.73902,-0.153693
-1.25718,1.76531,-0.200866
-1.15629,1.92962,-0.183655
-0.798212,1.89519,0.039815
-1.13806,1.45965,0.0898165
-0.791814,1.54824,0.116205
-1.03652,1.27984,-0.0974937
-1.05103,1.59774,-0.0348467
-1.16537,1.55526,0.122728
-1.2063,1.59864,0.0664976
-0.903433,1.54952,-0.0227262
-1.02284,1.49232,0.0200889
-1.04691,1.5786,0.0387852
-1.06246,1.61872,-0.0202142
-1.21765,1.54865,-0.100822
-1.26288,1.65748,0.00890283
-1.13968,1.55258,-0.135145
-1.26915,1.55599,-0.17242
-1.22015,1.48983,0.0995885
-1.03194,1.51944,0.138249
-1.00984,1.85766,0.0019544
-1.24752,1.58987,-0.0492253
-1.20697,1.36686,0.121635
-1.69723,1.52432,0.0607648
-1.2051,1.44118,0.0169829
-0.974741,1.82361,-0.047159
-1.3886,1.62311,-0.146524
-0.940438,1.38837,-0.0874766
-1.24098,1.58284,-0.256897
-1.46285,1.40114,0.0544359
-1.29192,1.43366,-0.0576105
-1.7365,1.35249,-0.0967847
-1.32347,1.42204,0.0215435
-1.4412,1.52761,0.184645
-1.32949,1.5715,0.109535
-1.32885,1.48605,0.0759873
-1.4883,1.71105,0.121233
-1.3033,1.29063,-0.147208
-1.41217,1.46326,-0.0540396
-1.45099,1.37405,-0.152162
-1.44863,1.18758,0.126501
-1.25948,1.63501,-0.106976
-1.28627,1.43657,0.00406979
-1.58099,1.18413,-0.186325
-1.19039,1.29139,-0.00596662
-1.4985,1.39144,-0.0610205
-1.47155,1.34867,0.0929229
-1.23681,1.42104,0.17162
-1.48265,1.04145,-0.081121
-1.13301,1.65508,0.0521058
-1.42905,1.31258,-0.13939
-1.40091,1.399,0.0563487
-1.46118,1.3624,0.0646329
-1.43753,1.34112,-0.03304
-1.58286,1.16535,-0.137562
-1.49047,1.05935,-0.132879
-1.49921,1.52436,0.00684573
-1.48474,1.34301,0.1943
-1.48844,1.27429,0.0323548
-1.64033,1.31976,-0.25541
-1.49926,1.4318,0.193429
-1.507,1.51107,0.171866
-1.51108,1.52898,0.00228457
-1.68894,1.0995,0.0848743
-1.66844,1.27914,0.231934
-1.34371,1.24934,0.14925
-1.4835,1.19193,0.132418
-1.69685,0.996693,0.206421
-1.73524,1.22918,0.0157491
-1.92317,0.943181,-0.0957592
-1.86495,1.27039,0.0996927
-1.63014,0.925444,0.202589
-1.91665,1.27687,-0.13126
-1.67268,1.1994,0.133974
-1.64045,1.03284,0.166429
-1.60045,0.745266,0.13905
-1.50946,1.02007,-0.120897
-1.88016,1.02686,0.0210493
-1.59074,0.833706,0.0256873
-1.51225,0.767952,-0.0229066
-1.53496,1.177,-0.00743496
-1.84969,0.942019,-0.0128163
-2.19001,1.08978,-0.210172
-1.87665,1.003,-0.0636333
-1.70522,1.06053,-0.0429603
-1.78538,0.989675,-0.111462
-1.74202,1.09461,0.117567
-1.68377,0.729649,-0.145363
-1.78996,0.947601,0.0745935
-2.02415,0.997105,-0.230796
-1.93743,0.985987,-0.129821
-1.61758,1.18675,-0.0707063
-1.72916,0.740504,-0.181467
-1.83669,0.893544,-0.0398505
-1.83191,0.722744,-0.102991
-1.63593,0.882217,0.108446
-1.73678,0.954373,-0.33967
-1.99798,0.80739,-0.212338
-1.47474,0.858592,-0.0451992
-1.59344,0.367887,0.0139929
-1.77289,0.663856,0.25807
-1.88975,0.902241,-0.0261277
-1.87962,0.964365,-0.0946334
-1.9424,0.694611,-0.074288
-1.84785,0.761051,0.146325
-1.96109,0.936994,0.205566
-1.92997,0.818505,-0.128761
-2.02344,0.661815,-0.042633
-2.01153,0.559552,0.0341242
-1.83624,0.696651,0.285562
-1.89176,0.578645,-0.200916
-1.90385,0.467978,-0.14674
-1.85234,0.66745,-0.151669
-1.86622,0.788007,0.172014
-1.9693,0.669474,-0.0658671
-2.11824,0.602786,-0.209309
-1.84643,0.611969,-0.0286162
-1.7423,0.692538,-0.0287247
-1.64698,0.360279,-0.235345
-2.01546,0.538093,-0.12777
-1.70948,0.457422,0.256092
-1.84513,0.505277,0.137313
-1.91106,0.625351,0.0467969
-1.92106,0.714899,-0.0391625
-2.10799,0.619785,-0.183529
-2.12798,0.498825,0.120232
-1.97546,0.420845,0.13793
-1.84454,0.350084,0.079916
-2.08119,0.839954,0.157672
-1.9452,0.542911,0.121087
-1.90876,0.381383,-0.112719
-1.97586,0.492836,0.192252
-2.03039,0.44896,0.0848601
-1.81452,0.476966,0.0426804
-1.97041,0.390209,0.0726561
-2.08904,0.224368,-0.136293
-2.08102,0.190347,-0.132285
-2.08572,0.555808,0.00458281
-1.85375,0.36568,0.0674872
-1.76259,0.302084,-0.159708
-2.05074,0.309035,0.157112
-2.07674,0.590712,0.0914727
-1.95392,0.287752,-0.329567
-2.03392,0.496464,0.149286
-2.13436,0.30146,0.029855
-1.96648,0.33563,-0.214597
-2.01021,0.196199,0.0932141
-2.02184,0.259695,-0.372253
-2.14197,0.148196,0.146575
-2.11883,0.681776,-0.0201339
-1.94885,0.358353,0.0995468
-1.83221,0.27485,-0.151085
-2.04312,0.389925,0.238202
-2.17487,0.203282,-0.279167
-2.1104,0.182732,-0.0331871
-1.99932,0.271167,0.116033
-2.20559,-0.0606992,-0.207344
-1.97328,0.216256,-0.238812
-1.93467,0.385079,-0.0316622
-2.21755,0.0310701,-0.093501
-1.93679,0.147955,-0.0346708
-2.01264,0.136055,0.151243
-2.07731,0.0604313,-0.0158206
-2.19705,-0.0727107,-0.131967
-2.0523,-0.113655,-0.155309
-1.80936,0.195644,0.0317358
-1.99793,-0.372274,-0.22234
-1.94458,-0.0822351,0.156895
-2.27562,0.0151335,0.13336
-1.80766,0.074677,0.0348359
-2.04126,0.1696,0.145632
-1.77647,0.00727228,0.0758743
-2.23251,-0.25437,-0.00580665
-1.71184,-0.336704,0.527532
-1.82265,0.00299328,0.135668
-1.75448,-0.0215625,0.0232259
-2.00672,-0.0509503,0.111123
-2.06673,-0.0581919,0.0750083
-2.24868,-0.266525,-0.0497079
-1.80185,-0.474643,-0.112874
-2.01331,-0.00744611,0.0231188
-2.06318,-0.15887,0.0200088
-2.00247,-0.315533,-0.0423634
-1.98996,-0.269439,0.0321209
-2.30758,-0.261392,-0.0639008
-1.89215,-0.28205,0.0932601
-2.01218,-0.172253,0.0100786
-2.25415,-0.370074,0.207692
-2.05372,-0.180132,0.0815672
-1.93724,-0.282976,-0.0379795
-2.01932,-0.289406,0.00468028
-1.74964,-0.271224,-0.00617416
-1.94288,-0.520654,0.0805737
-2.22614,-0.232896,-0.0317046
-2.09429,-0.375391,0.0837799
-1.87968,-0.314227,0.0064578
-1.7646,-0.517764,0.331004
-1.98174,-0.243899,-0.124788
-1.88246,-0.320112,-0.0444736
-2.16426,-0.471247,0.146028
-2.345,-0.47612,-0.209043
-1.53077,-0.475976,0.0751767
-1.86713,-0.503117,0.10778
-1.83831,-0.670111,-0.00521266
-1.78462,-0.484048,-0.0708748
-1.82842,-0.139151,-0.172175
-1.91937,-0.428937,-0.0319805
-2.01137,-0.498564,-0.0797508
-2.03813,-0.883115,0.115578
-1.83002,-0.502206,0.144047
-2.18062,-0.319269,0.103837
-2.08919,-0.642664,-0.0262982
-1.98954,-0.619502,-0.0565333
-2.10964,-0.609625,-0.00644123
-2.08136,-0.604892,-0.0443294
-1.76317,-0.185877,0.270629
-1.81129,-0.580771,0.238313
-1.761,-0.71721,-0.0692733
-1.94751,-0.685865,-0.101856
-1.72757,-0.977867,-0.161
-2.03066,-0.477538,-0.141518
-1.99705,-0.543838,-0.165072
-1.94938,-0.988018,0.225357
-1.75777,-0.380525,-0.0664701
-1.97999,-0.428856,-0.0396936
-1.71837,-0.958826,-0.0297506
-1.82126,-0.489423,-0.193062
-1.79849,-0.88488,-0.0394893
-1.82342,-0.738677,-0.162963
-1.75264,-0.782823,0.0745048
-1.70438,-0.968439,-0.101725
-1.78401,-0.575841,-0.0163476
-1.50798,-0.8376,-0.13534
-1.69083,-0.987016,-0.0356878
-1.91749,-0.7621,0.00442999
-2.02522,-1.00323,0.0149223
-2.05492,-0.865107,-0.0704445
-1.86338,-0.815497,-0.04995
-1.92768,-0.881837,-0.0281624
-1.56437,-0.905158,0.0188624
-2.0171,-0.899978,0.0463705
-1.86939,-0.912297,-0.182816
-1.76749,-0.870598,-0.266293
-1.83943,-0.569203,-0.0934631
-1.84737,-0.816855,-0.124286
-1.82333,-0.992896,-0.143367
-1.71906,-0.90769,-0.074894
-1.31195,-0.550861,0.0178966
-1.76136,-0.847194,0.15422
-1.7212,-0.970288,0.0784678
-1.76019,-0.71119,-0.0233782
-1.64401,-1.02366,0.211675
-1.60077,-0.876483,-0.0816409
-1.82068,-0.883118,-0.303222
-1.675,-1.03788,0.117309
-1.71745,-1.21509,0.200046
-1.83412,-1.06188,-0.143499
-1.3994,-1.08488,-0.0159057
-1.87657,-1.10964,-0.430277
-1.58774,-1.21199,-0.289247
-1.4678,-1.13238,0.374943
-1.93299,-1.13936,-0.0678922
-1.75172,-1.20251,-0.478783
-1.61359,-1.12586,0.143342
-1.72225,-1.35248,0.219807
-1.48195,-1.16444,-0.176208
-1.60948,-1.30201,-0.010482
-1.777,-0.977003,0.0910013
-1.77178,-1.38089,-0.0549047
-1.46123,-1.07296,-0.446143
-1.43458,-1.15781,-0.170572
-1.5574,-1.22564,0.140092
-1.60738,-0.95295,-0.256142
-1.63454,-1.17994,-0.0965751
-1.56335,-1.25712,0.00127449
-1.30674,-1.45612,-0.0288747
-1.47539,-1.587,0.401847
-1.47628,-1.04285,-0.00392978
-1.5674,-1.62864,0.0202708
-1.43808,-1.26217,0.0446148
-1.65382,-0.889834,0.0324369
-1.81028,-1.24807,-0.151004
-1.54966,-1.54944,-0.0683094
-1.41834,-1.1308,0.140756
-1.22462,-1.52952,-0.220195
-1.42904,-1.22892,0.239508
-1.47124,-1.3058,-0.0717231
-1.44685,-1.4108,0.204256
-1.26133,-1.55205,0.0536397
-1.3984,-1.44501,0.102789
-1.54444,-1.48452,0.334942
-1.5724,-1.0657,-0.155058
-1.56894,-1.31399,-0.0336408
-1.37878,-1.50337,0.0176038
-1.41875,-1.41017,-0.153797
-1.35836,-1.38497,0.0868265
-1.56842,-1.43362,0.325464
-1.37457,-1.49504,-0.0488498
-1.25809,-1.32319,-0.156248
-1.49975,-1.60729,-0.0688606
-1.23804,-1.66142,0.0381103
-1.37204,-1.51169,0.0600869
-1.65556,-1.66837,-0.342892
-1.13315,-1.49458,-0.129506
-1.01035,-1.39066,-0.0565396
-1.62378,-1.50647,-0.111536
-1.34009,-1.55179,0.252649
-1.24928,-1.57472,0.110665
-1.23675,-1.94231,0.307271
-0.994485,-1.21099,0.0130495
-1.25978,-1.61837,-0.130079
-1.07376,-1.5733,-0.050405
-1.18539,-1.4706,-0.00967494
-1.27415,-1.76749,-0.104503
-1.21352,-1.7435,-0.0526841
-1.0884,-1.74384,0.240244
-1.52808,-1.47452,-0.12958
-1.28005,-1.71605,0.327526
-1.40407,-1.59455,0.246174
-1.0156,-1.47951,-0.0723533
-1.08196,-1.67043,0.272456
-1.06115,-1.42929,-0.153073
-1.09291,-1.61829,0.124663
-1.28481,-1.8159,-0.204453
-1.05862,-1.63997,-0.129369
-1.05752,-1.53922,0.111504
-1.01267,-1.57961,-0.130386
-1.0055,-1.57818,-0.0548069
-1.13924,-1.92016,0.172045
-1.02978,-1.76189,0.154727
-0.912524,-1.62934,-0.229893
-1.16243,-1.81317,-0.156843
-1.136,-1.87214,0.0768608
-1.06901,-1.62737,-0.129447
-0.856494,-1.67067,0.433154
-0.940585,-1.6791,-0.0556148
-1.24188,-1.68791,-0.0500028
-1.07569,-1.83534,0.0531666
-0.940747,-1.85277,-0.0351267
-1.17325,-1.52724,-0.0114404
-0.928592,-1.60845,0.201958
-0.923877,-2.04329,-0.211784
-1.0997,-1.80374,0.0050666
-0.827122,-1.83355,-0.0145843
-0.764795,-1.97518,-0.422963
-0.816346,-2.17347,-0.0551623
-0.720423,-1.62835,0.106154
-0.946331,-1.91111,-0.107056
-0.743593,-1.74303,0.133021
-0.868478,-1.98293,0.00926627
-0.588666,-1.86088,-0.140362
-0.655828,-1.78703,-0.0163807
-0.633974,-1.88462,0.278924
-0.903537,-1.93785,0.190857
-1.02482,-2.00398,0.147852
-0.662506,-1.95798,0.324083
-0.849631,-1.57674,0.115447
-0.889042,-1.9164,0.0134403
-0.836355,-1.9654,-0.0382773
-0.98567,-1.70261,0.211192
-0.615358,-1.99033,0.112845
-0.682388,-2.14566,-0.0283114
-0.550314,-1.97198,0.0908176
-0.487734,-2.00437,-0.0646631
-0.564503,-1.77414,0.155584
-0.897388,-1.85771,0.247974
-0.537278,-2.00264,-0.138002
-0.255391,-1.8758,-0.0141228
-0.855288,-1.98304,-0.292709
-0.446587,-2.00945,0.151676
-0.629136,-2.10114,-0.0795815
-0.172912,-1.94733,-0.191099
-0.560772,-1.97851,-0.0827447
-0.343595,-1.97682,-0.024647
-0.669805,-1.75949,-0.0578348
-0.386101,-1.72375,-0.0958146
-0.451916,-1.88084,-0.0520766
-0.439036,-1.97627,0.171997
-0.475765,-1.92142,-0.0812601
-0.468194,-1.92445,-0.0985752
-0.4583,-1.69643,0.00408481
-0.443545,-2.02621,0.252772
-0.538392,-1.80829,0.00281699
-0.317828,-1.77055,0.0206068
-0.23694,-1.89545,-0.0752373
-0.557568,-1.98269,0.0956891
-0.395424,-2.07437,-0.0350417
-0.543873,-1.93921,0.0994875
-0.676716,-2.20059,-0.0496
-0.127204,-1.8382,-0.0705914
-0.485601,-2.15599,0.0174494
0.029374,-2.03388,0.049973
-0.174421,-1.82227,-0.0681683
-0.381431,-2.09429,0.142646
-0.197059,-1.8611,0.36656
-0.178006,-1.91242,-0.0862891
-0.157393,-1.75443,0.0309194
-0.119724,-2.22152,-0.224922
-0.197469,-1.97399,0.0447931
-0.274561,-1.93985,-0.268929
-0.0325264,-2.16457,0.234988
-0.219565,-1.89649,0.0602223
-0.11471,-1.90088,0.115777
-0.154702,-2.17412,0.148992
-0.276083,-1.85691,0.158489
0.0253988,-2.0132,0.27221
0.0738532,-1.71296,-0.0147161
0.427036,-2.14903,0.0430615
-0.233467,-2.21738,0.101351
-0.118611,-2.09534,-0.318069
-0.0402942,-1.76368,-0.0554084
-0.155982,-2.08223,-0.0430959
-0.136786,-1.95839,0.00246044
-0.050733,-2.04797,-0.226154
-0.347532,-2.1754,0.204904
-0.0583811,-1.6344,0.137644
0.0293531,-2.0202,-0.00683586
-0.0341331,-1.91498,-0.0329691
0.0754742,-1.98303,0.136122
-0.0410511,-1.78988,-0.110496
0.125738,-1.73984,0.0611055
0.337543,-1.83004,0.0724655
-0.115704,-2.26285,-0.281874
-0.16739,-1.76804,0.0232488
0.0995106,-1.99485,-0.150276
0.157488,-2.13403,0.17929
-0.03214,-1.8597,0.390805
0.257384,-2.18847,-0.228282
0.0061053,-2.0424,0.173897
0.172591,-1.95206,-0.123993
0.234633,-2.20196,0.218945
-0.0519449,-1.95926,0.0286417
0.272223,-1.86706,0.121513
0.197389,-2.09041,-0.12078
0.403084,-1.7646,-0.0383218
0.36185,-1.84417,0.0441207
0.182002,-1.94023,0.0479719
-0.011537,-2.1273,-0.092124
0.530643,-2.06439,0.0159052
0.121225,-1.77836,-0.125201
0.337602,-1.8375,0.0102183
0.286237,-1.98716,0.0455201
0.434245,-1.94437,0.0149233
0.317899,-2.11091,0.213926
0.206418,-1.77093,0.114326
0.703913,-2.10707,0.0962095
0.302994,-1.62749,-0.0134804
0.551591,-1.82238,0.111282
0.287219,-1.94207,0.0379023
0.670488,-1.70308,0.0189621
0.4741,-1.97341,-0.0988385
0.487861,-1.86408,0.345566
0.157,-1.70034,-0.142666
0.375688,-1.95065,-0.172101
0.331241,-2.05912,0.14973
0.364484,-1.94616,-0.155592
0.62117,-1.80571,-0.139044
0.779264,-1.93861,0.0964727
0.566878,-1.82991,0.0607106
0.540006,-1.70383,0.0868745
0.397426,-2.04097,-0.0281103
0.644919,-1.93377,-0.0355245
0.831911,-1.68023,0.0342823
0.690527,-2.10289,-0.133211
0.643481,-1.56975,0.0117631
0.53373,-2.00889,-0.147155
0.447957,-1.92786,0.0483685
0.565376,-2.02815,-0.081863
0.927724,-1.67793,-0.0408584
0.61173,-1.6857,0.0484497
0.633102,-1.67883,0.12161
1.00612,-1.65116,0.137027
0.53229,-1.82567,-0.0738503
0.607294,-1.96228,-0.284813
0.650915,-1.82305,0.165287
0.915,-2.14742,-0.0447247
0.574151,-1.99204,-0.205999
0.991605,-1.82245,-0.0122408
0.776996,-1.53965,0.0967674
0.829329,-1.79475,-0.147884
1.07821,-1.64204,-0.190266
0.639749,-1.84944,-0.231245
1.0638,-1.68929,0.11204
0.866995,-1.68394,0.0558291
1.07621,-1.78608,0.115121
0.629825,-1.89978,-0.213063
1.01165,-1.76384,-0.0178931
0.825576,-1.58608,-0.277982
0.750456,-1.67006,-0.274244
0.973949,-1.64494,0.225095
0.777404,-1.88244,0.0273266
0.710581,-1.61135,0.0952518
0.71435,-1.85494,0.00420604
1.05954,-1.73371,0.342388
1.04105,-1.51213,-0.121258
0.940086,-1.63675,0.0700778
1.15656,-1.86049,-0.15408
0.94035,-1.89067,0.166788
0.930756,-1.77083,0.00852231
1.08008,-1.74744,-0.274971
1.29269,-1.63888,0.0173833
1.18858,-1.76056,0.0797849
1.11572,-1.89043,-0.232846
0.933809,-1.63198,0.105399
0.869769,-1.89858,-0.0702124
1.30369,-1.70082,-0.0024047
0.8944,-1.63312,-0.154533
0.907026,-1.67169,-0.134307
1.15882,-1.4524,-0.132716
1.06631,-1.79963,-0.0455402
0.977152,-1.6183,-0.0193475
1.05529,-1.40997,0.16309
1.10582,-1.89981,-0.0988028
1.20435,-1.81711,0.045785
1.3691,-1.595,-0.0718778
1.28811,-1.70129,0.0620362
0.905694,-1.7001,-0.145998
1.20718,-1.58559,0.00906278
1.40333,-1.35304,-0.0632833
1.44695,-1.41766,-0.0547116
1.3198,-1.76915,-0.0285151
1.10122,-1.65617,-0.0685444
1.2722,-1.48829,0.0260092
1.16112,-1.71121,-0.0214777
1.4324,-1.79239,0.110918
1.41823,-1.54141,-0.0625476
1.33383,-1.42103,0.235028
1.40453,-1.61722,-0.172606
1.33782,-1.48645,0.0631905
1.12109,-1.73367,0.042395
1.31136,-1.51934,0.148242
1.65228,-1.3442,0.047502
1.35554,-1.53309,0.0796496
1.42947,-1.42804,-0.0332999
1.39693,-1.25617,0.0376211
1.11994,-1.33974,-0.0145456
1.54793,-1.58787,0.197726
1.46317,-1.05867,0.10137
1.41715,-1.51116,-0.0159176
1.43387,-1.06313,-0.129836
1.15875,-1.39666,0.0408117
1.28867,-1.32279,-0.120815
1.37031,-1.43824,-0.00820539
1.27106,-1.51134,0.156495
1.4298,-1.35177,0.158069
1.46285,-1.32311,-0.494032
1.56031,-0.962942,0.121947
1.39367,-1.32618,0.010044
1.30597,-1.27758,-0.0321911
1.33535,-1.4773,-0.0636209
1.58623,-1.47805,-0.271569
1.48792,-1.3474,0.0111664
1.73503,-1.14496,0.157803
1.66865,-1.4056,-0.00743324
1.52543,-1.22812,-0.207948
1.39499,-1.2647,0.0181182
1.62616,-1.14622,0.00721364
1.60952,-1.44913,0.131769
1.56681,-1.3746,-0.0898763
1.57571,-0.979517,-0.067315
1.66578,-1.3813,0.0282327
1.5821,-1.34099,-0.0474587
1.42695,-0.94269,-0.136051
1.59537,-1.14513,0.156249
1.49909,-1.3191,-0.00870184
1.65477,-1.19158,0.041359
1.44486,-1.16255,-0.228356
1.84791,-1.00253,-0.0563127
1.64011,-1.24129,0.0970774
1.52887,-1.22334,-0.394367
1.75852,-1.31312,0.0423914
1.54823,-1.18704,-0.11884
1.84918,-0.878196,0.293638
1.76332,-1.03248,0.223756
1.59107,-0.941567,0.0884425
2.06072,-1.42369,0.151372
1.69655,-0.983015,-0.265815
1.47732,-1.09105,0.117156
1.97843,-1.33053,-0.0396116
1.552,-1.26744,-0.0268284
1.58862,-0.938979,-0.25007
1.83098,-1.0249,0.166653
1.98397,-1.17266,-0.219088
1.94336,-1.19162,0.0651885
1.88082,-1.05129,-0.011794
1.98433,-1.01276,-0.133608
2.08707,-1.11112,0.122595
1.765,-0.827256,0.00498511
1.65813,-0.921994,0.166729
1.88438,-0.962589,0.0965257
1.88635,-0.69906,0.0239878
1.91135,-0.793186,-0.15593
2.15108,-0.898085,0.0207453
1.98847,-0.483339,0.113657
1.89109,-0.44314,0.00250559
1.78318,-0.856605,0.0971498
1.65859,-0.814907,0.203569
1.65193,-0.592693,-0.0168055
2.00498,-0.815204,0.0396184
1.7115,-0.964996,0.00146503
2.17159,-0.584208,0.0849525
1.99564,-0.875721,0.0502206
1.61623,-0.869382,0.134934
1.78927,-0.857493,0.191337
1.71294,-0.608705,0.190543
1.68707,-0.846409,0.00457079
1.69403,-0.581378,0.178932
1.99133,-0.781335,-0.00481148
2.00358,-0.575383,-0.0944139
1.81216,-0.658031,0.143038
2.07426,-0.554935,0.0387314
1.89033,-0.616596,-0.0217446
1.89102,-0.563617,0.302017
2.16297,-0.570519,0.242802
1.89771,-0.586492,-0.122664
1.84397,-0.324374,-0.225636
2.0308,-0.417116,-0.0798941
1.76843,-0.698856,-0.207443
1.97147,-0.41906,-0.124728
2.02525,-0.453068,0.250398
1.94103,-0.749637,-0.0481543
1.58139,-0.531672,0.0776457
1.97056,-0.559806,-0.148731
1.99259,-0.521123,-0.221028
1.93913,-0.561887,0.121512
1.88074,-0.531977,-0.112529
1.78818,-0.416029,0.405836
1.94864,-0.584394,0.0353086
1.91149,-0.709203,-0.077825
1.78384,-0.394974,-0.176887
1.84823,-0.454277,0.0892348
2.0586,-0.255006,0.12917
1.73366,-0.505444,-0.0763512
2.07239,-0.421819,-0.20401
2.04861,-0.485776,0.0403649
1.8016,-0.50157,-0.00838645
1.8194,-0.589635,-0.0157906
1.69354,-0.431429,0.0305748
1.95314,-0.17472,-0.0390723
1.87872,-0.440689,0.0422861
1.78192,-0.342661,-0.225073
1.63211,-0.407956,0.0850987
2.04647,-0.26466,-0.420673
2.01719,-0.154146,-0.0905879
2.04428,-0.318059,-0.078832
2.07585,-0.276266,-0.253257
2.20413,-0.272633,-0.0612772
1.73899,-0.273864,0.270223
1.76195,0.0662443,0.0121261
1.99183,-0.259647,0.206064
1.9888,-0.37014,0.186618
1.85414,-0.356662,0.0152382
1.99351,-0.237679,-0.0739916
1.88846,-0.262929,-0.102596
1.35976,-0.19185,-0.053548
2.30582,-0.0781098,-0.249166
2.02695,-0.0895434,-0.168373
2.12845,0.0172756,-0.15011
1.79203,-0.173333,0.315067
2.26943,0.0936462,0.0482474
1.98026,-0.201268,0.146108
2.09215,0.0825303,-0.40273
1.90312,0.0366786,-0.312609
1.92026,-0.0806562,-0.0648693
1.85346,0.0123901,0.0879928
2.16023,-0.116446,0.0526798
